10.16.1.241 <38>Jan 23 16:00:50 WEBIRONPORT.HASTINAPUR.RES TO-SYSLOG-SERVER: Info: 1706043641.535 122792 10.16.7.208 TCP_MISS/200 30511383 CONNECT tunnel://rr2---sn-o3o-itqz.googlevideo.com:443/ - DIRECT/rr2---sn-o3o-itqz.googlevideo.com - DEFAULT_CASE_12-INTERNET_ACCESS-VDI_USERS-NONE-NONE-NONE-DefaultGroup-NONE <"IW_vid",4.7,1,"-",0,0,0,1,"-",-,-,-,"-",1,-,"-","-",-,-,"IW_vid",-,"-","Streaming Video","-","Unknown","Unknown","-","-",1987.84,0,-,"Unknown","-",1,"-",-,-,"-","-",-,1,"-",-,-> - 1
10.16.1.241 <38>Jan 23 16:00:50 WEBIRONPORT.HASTINAPUR.RES TO-SYSLOG-SERVER: Info: 1706043641.582 0 10.16.6.61 TCP_DENIED/403 0 POST http://update.googleapis.com/service/update2?cup2key=13:joR4XiUipBifVNBVB0jJ32elq-z961tUWRLMWNkQb9Q&cup2hreq=b64ed6d2d2370e472f9a558b47de66298842f9e2bd2473156dc2e49f7088368f - NONE/- - BLOCK_WEBCAT_12-BLOCK_UNAUTHORISED_USERS-BLOCK_UNAUTHORISED_USERS-NONE-NONE-NONE-NONE-NONE <"IW_comp",3.0,-,"-",-,-,-,-,"-",-,-,-,"-",-,-,"-","-",-,-,"IW_comp",-,"-","Computers and Internet","-","Unknown","Unknown","-","-",0.00,0,-,"-","-",-,"-",-,-,"-","-",-,-,"-",-,-> - 1
10.16.1.241 <38>Jan 23 16:00:50 WEBIRONPORT.HASTINAPUR.RES TO-SYSLOG-SERVER: Info: 1706043641.539 201410 10.16.7.208 TCP_MISS/200 1868 CONNECT tunnel://safebrowsing.googleapis.com:443/ - DIRECT/safebrowsing.googleapis.com - DEFAULT_CASE_12-INTERNET_ACCESS-VDI_USERS-NONE-NONE-NONE-DefaultGroup-NONE <"IW_srch",3.0,1,"-",0,0,0,1,"-",-,-,-,"-",1,-,"-","-",-,-,"IW_srch",-,"-","Search Engines and Portals","-","Unknown","Unknown","-","-",0.07,0,-,"Unknown","-",1,"-",-,-,"-","-",-,1,"-",-,-> - 1
10.16.1.241 <38>Jan 23 16:00:50 WEBIRONPORT.HASTINAPUR.RES TO-SYSLOG-SERVER: Info: 1706043641.601 252 10.16.32.126 TCP_MISS/200 39 CONNECT tunnel://dc1.ksn.kaspersky-labs.com:443/ - DIRECT/dc1.ksn.kaspersky-labs.com - OTHER-NONE-RCI_USERS-NONE-NONE-NONE-DefaultGroup-NONE <"IW_comp",8.7,0,"-",0,0,0,-,"-",-,-,-,"-",-,-,"-","-",-,-,"IW_comp",-,"-","Computers and Internet","-","Unknown","Unknown","-","-",1.24,0,-,"Unknown","-",-,"-",-,-,"-","-",-,-,"-",-,-> - 1
1
10.16.1.241 <38>Jan 23 16:00:50 WEBIRONPORT.HASTINAPUR.RES TO-SYSLOG-SERVER: Info: 1706043642.274 0 10.16.7.213 TCP_DENIED/403 0 CONNECT tunnel://bat.bing.com:443/ - NONE/- - BLOCK_WEBCAT_12-INTERNET_ACCESS-VDI_USERS-NONE-NONE-NONE-NONE-NONE <"IW_adv",5.2,-,"-",-,-,-,-,"-",-,-,-,"-",-,-,"-","-",-,-,"IW_adv",-,"-","Advertisements","-","Unknown","Unknown","-","-",0.00,0,-,"-","-",-,"-",-,-,"-","-",-,-,"-",-,-> - 1
10.16.1.241 <38>Jan 23 16:00:50 WEBIRONPORT.HASTINAPUR.RES TO-SYSLOG-SERVER: Info: 1706043642.611 0 10.16.7.213 TCP_DENIED/403 0 CONNECT tunnel://googleads.g.doubleclick.net:443/ - NONE/- - BLOCK_WEBCAT_12-INTERNET_ACCESS-VDI_USERS-NONE-NONE-NONE-NONE-NONE <"IW_adv",5.5,-,"-",-,-,-,-,"-",-,-,-,"-",-,-,"-","-",-,-,"IW_adv",-,"-","Advertisements","-","Unknown","Unknown","-","-",0.00,0,-,"-","-",-,"-",-,-,"-","-",-,-,"-",-,-> - 1
10.16.1.241 <38>Jan 23 16:00:50 WEBIRONPORT.HASTINAPUR.RES TO-SYSLOG-SERVER: Info: 1706043642.454 61289 10.16.7.208 TCP_MISS/200 2658 CONNECT tunnel://cdn.cookielaw.org:443/ - DIRECT/cdn.cookielaw.org - DEFAULT_CASE_12-INTERNET_ACCESS-VDI_USERS-NONE-NONE-NONE-DefaultGroup-NONE <"IW_comp",3.0,1,"-",0,0,0,1,"-",-,-,-,"-",1,-,"-","-",-,-,"IW_comp",-,"-","Computers and Internet","-","Unknown","Unknown","-","-",0.35,0,-,"Unknown","-",1,"-",-,-,"-","-",-,1,"-",-,-> - 1
","-",-,1,"-",-,-> - 1
10.16.1.241 <38>Jan 23 16:00:50 WEBIRONPORT.HASTINAPUR.RES TO-SYSLOG-SERVER: Info: 1706043642.611 0 10.16.7.213 TCP_DENIED/403 0 CONNECT tunnel://zndohht6xbshxrzdf-digikey.siteintercept.qualtrics.com:443/ - NONE/- - BLOCK_WEBCAT_12-INTERNET_ACCESS-VDI_USERS-NONE-NONE-NONE-NONE-NONE <"IW_saas",3.0,-,"-",-,-,-,-,"-",-,-,-,"-",-,-,"-","-",-,-,"IW_saas",-,"-","SaaS and B2B","-","Unknown","Unknown","-","-",0.00,0,-,"-","-",-,"-",-,-,"-","-",-,-,"-",-,-> - 1
00:50 WEBIRONPORT.HASTINAPUR.RES TO-SYSLOG-SERVER: Info: 1706043642.608 0 10.16.7.213 TCP_DENIED/403 0 CONNECT tunnel://resources.xg4ken.com:443/ - NONE/- - BLOCK_WEBCAT_12-INTERNET_ACCESS-VDI_USERS-NONE-NONE-NONE-NONE-NONE <"IW_adv",3.0,-,"-",-,-,-,-,"-",-,-,-,"-",-,-,"-","-",-,-,"IW_adv",-,"-","Advertisements","-","Unknown","Unknown","-","-",0.00,0,-,"-","-",-,"-",-,-,"-","-",-,-,"-",-,-> - 1
10.16.1.241 <38>Jan 23 16:00:50 WEBIRONPORT.HASTINAPUR.RES TO-SYSLOG-SERVER: Info: 1706043642.758 335566 10.16.7.213 TCP_MISS/200 6725 CONNECT tunnel://ping.chartbeat.net:443/ - DIRECT/ping.chartbeat.net - DEFAULT_CASE_12-INTERNET_ACCESS-VDI_USERS-NONE-NONE-NONE-DefaultGroup-NONE <"IW_comp",5.7,1,"-",0,0,0,1,"-",-,-,-,"-",1,-,"-","-",-,-,"IW_comp",-,"-","Computers and Internet","-","Unknown","Unknown","-","-",0.16,0,-,"Unknown","-",1,"-",-,-,"-","-",-,1,"-",-,-> - 1
10.16.1.241 <38>Jan 23 16:00:50 WEBIRONPORT.HASTINAPUR.RES TO-SYSLOG-SERVER: Info: 1706043643.039 10094 10.16.7.211 TCP_MISS/200 414 CONNECT tunnel://www.google.com:443/ - DIRECT/www.google.com - DEFAULT_CASE_12-INTERNET_ACCESS-VDI_USERS-NONE-NONE-NONE-DefaultGroup-NONE <"IW_srch",6.3,1,"-",0,0,0,1,"-",-,-,-,"-",1,-,"-","-",-,-,"IW_srch",-,"-","Search Engines and Portals","-","Unknown","Unknown","-","-",0.33,0,-,"Unknown","-",1,"-",-,-,"-","-",-,1,"-",-,-> - 1
10.16.1.241 <38>Jan 23 16:00:50 WEBIRONPORT.HASTINAPUR.RES TO-SYSLOG-SERVER: Info: 1706043643.600 171247 10.16.7.208 TCP_MISS/200 5877 CONNECT tunnel://services.addons.mozilla.org:443/ - DIRECT/services.addons.mozilla.org - DEFAULT_CASE_12-INTERNET_ACCESS-VDI_USERS-NONE-NONE-NONE-DefaultGroup-NONE <"IW_comp",4.7,1,"-",0,0,0,1,"-",-,-,-,"-",1,-,"-","-",-,-,"IW_comp",-,"-","Computers and Internet","-","Unknown","Unknown","-","-",0.27,0,-,"Unknown","-",1,"-",-,-,"-","-",-,1,"-",-,-> - 1
10.16.1.241 <38>Jan 23 16:00:50 WEBIRONPORT.HASTINAPUR.RES TO-SYSLOG-SERVER: Info: 1706043643.612 115944 10.16.7.211 TCP_MISS/200 283136 CONNECT tunnel://rr2---sn-o3o-itqs.googlevideo.com:443/ - DIRECT/rr2---sn-o3o-itqs.googlevideo.com - DEFAULT_CASE_12-INTERNET_ACCESS-VDI_USERS-NONE-NONE-NONE-DefaultGroup-NONE <"IW_vid",4.7,1,"-",0,0,0,1,"-",-,-,-,"-",1,-,"-","-",-,-,"IW_vid",-,"-","Streaming Video","-","Unknown","Unknown","-","-",19.54,0,-,"Unknown","-",1,"-",-,-,"-","-",-,1,"-",-,-> - 1
10.16.1.241 <38>Jan 23 16:00:50 WEBIRONPORT.HASTINAPUR.RES TO-SYSLOG-SERVER: Info: 1706043643.613 115945 10.16.7.211 TCP_MISS/200 1059727 CONNECT tunnel://rr2---sn-o3o-itqs.googlevideo.com:443/ - DIRECT/rr2---sn-o3o-itqs.googlevideo.com - DEFAULT_CASE_12-INTERNET_ACCESS-VDI_USERS-NONE-NONE-NONE-DefaultGroup-NONE <"IW_vid",4.7,1,"-",0,0,0,1,"-",-,-,-,"-",1,-,"-","-",-,-,"IW_vid",-,"-","Streaming Video","-","Unknown","Unknown","-","-",73.12,0,-,"Unknown","-",1,"-",-,-,"-","-",-,1,"-",-,-> - 1
10.16.1.241 <38>Jan 23 16:00:59 WEBIRONPORT.HASTINAPUR.RES TO-SYSLOG-SERVER: Info: 1706043652.877 32 10.16.7.208 TCP_MISS/200 39 CONNECT tunnel://api.ibeat-analytics.com:443/ - DIRECT/api.ibeat-analytics.com - DEFAULT_CASE_12-INTERNET_ACCESS-VDI_USERS-NONE-NONE-NONE-DefaultGroup-NONE <"IW_busi",3.0,0,"-",0,0,0,-,"-",-,-,-,"-",-,-,"-","-",-,-,"IW_busi",-,"-","Business and Industry","-","Unknown","Unknown","-","-",9.75,0,-,"Unknown","-",-,"-",-,-,"-","-",-,-,"-",-,-> - 1
10.16.1.241 <38>Jan 23 16:00:59 WEBIRONPORT.HASTINAPUR.RES TO-SYSLOG-SERVER: Info: 1706043653.040 170722 10.16.7.208 TCP_MISS/200 10102 CONNECT tunnel://reco.slike.in:443/ - DIRECT/reco.slike.in - DEFAULT_CASE_12-INTERNET_ACCESS-VDI_USERS-NONE-NONE-NONE-DefaultGroup-NONE <"IW_art",3.0,1,"-",0,0,0,1,"-",-,-,-,"-",1,-,"-","-",-,-,"IW_art",-,"-","Arts","-","Unknown","Unknown","-","-",0.47,0,-,"Unknown","-",1,"-",-,-,"-","-",-,1,"-",-,-> - 1
10.16.1.241 <38>Jan 23 16:00:59 WEBIRONPORT.HASTINAPUR.RES TO-SYSLOG-SERVER: Info: 1706043653.071 171690 10.16.6.224 TCP_MISS/200 6333 CONNECT tunnel://uconnect.tealiumiq.com:443/ - DIRECT/uconnect.tealiumiq.com - DEFAULT_CASE_12-INTERNET_ACCESS-RCI_USERS-NONE-NONE-NONE-DefaultGroup-NONE <"IW_busi",3.0,1,"-",0,0,0,1,"-",-,-,-,"-",1,-,"-","-",-,-,"IW_busi",-,"-","Business and Industry","-","Unknown","Unknown","-","-",0.30,0,-,"Unknown","-",1,"-",-,-,"-","-",-,1,"-",-,-> - 1
10.16.1.241 <38>Jan 23 16:00:59 WEBIRONPORT.HASTINAPUR.RES TO-SYSLOG-SERVER: Info: 1706043653.355 0 10.16.7.211 TCP_DENIED/403 0 CONNECT tunnel://adservice.google.com:443/ - NONE/- - BLOCK_WEBCAT_12-INTERNET_ACCESS-VDI_USERS-NONE-NONE-NONE-NONE-NONE <"IW_adv",9.0,-,"-",-,-,-,-,"-",-,-,-,"-",-,-,"-","-",-,-,"IW_adv",-,"-","Advertisements","-","Unknown","Unknown","-","-",0.00,0,-,"-","-",-,"-",-,-,"-","-",-,-,"-",-,-> - 1
10.16.1.241 <38>Jan 23 16:00:59 WEBIRONPORT.HASTINAPUR.RES TO-SYSLOG-SERVER: Info: 1706043653.640 0 10.16.6.52 TCP_DENIED/403 0 CONNECT tunnel://play.google.com:443/ - NONE/- - BLOCK_CUSTOMCAT_12-INTERNET_ACCESS-RCI_USERS-NONE-NONE-NONE-NONE-NONE <"C_Bloc",-,-,"-",-,-,-,-,"-",-,-,-,"-",-,-,"-","-",-,-,"-",-,"-","-","-","-","-","-","-",0.00,0,-,"-","-",-,"-",-,-,"-","-",-,-,"-",-,-> - 1
10.16.1.241 <38>Jan 23 16:00:59 WEBIRONPORT.HASTINAPUR.RES TO-SYSLOG-SERVER: Info: 1706043653.665 0 10.16.6.59 TCP_DENIED/403 0 CONNECT tunnel://play.google.com:443/ - NONE/- - BLOCK_CUSTOMCAT_12-INTERNET_ACCESS-RCI_USERS-NONE-NONE-NONE-NONE-NONE <"C_Bloc",-,-,"-",-,-,-,-,"-",-,-,-,"-",-,-,"-","-",-,-,"-",-,"-","-","-","-","-","-","-",0.00,0,-,"-","-",-,"-",-,-,"-","-",-,-,"-",-,-> - 1
10.16.1.241 <38>Jan 23 16:00:59 WEBIRONPORT.HASTINAPUR.RES TO-SYSLOG-SERVER: Info: 1706043653.670 0 10.16.7.217 TCP_DENIED/403 0 CONNECT tunnel://adservice.google.com:443/ - NONE/- - BLOCK_WEBCAT_12-INTERNET_ACCESS-VDI_USERS-NONE-NONE-NONE-NONE-NONE <"IW_adv",9.0,-,"-",-,-,-,-,"-",-,-,-,"-",-,-,"-","-",-,-,"IW_adv",-,"-","Advertisements","-","Unknown","Unknown","-","-",0.00,0,-,"-","-",-,"-",-,-,"-","-",-,-,"-",-,-> - 1
10.16.1.241 <38>Jan 23 16:00:59 WEBIRONPORT.HASTINAPUR.RES TO-SYSLOG-SERVER: Info: 1706043653.786 137939 10.16.7.209 TCP_MISS/200 221497 CONNECT tunnel://www.mathrubhumi.com:443/ - DIRECT/www.mathrubhumi.com - DEFAULT_CASE_12-INTERNET_ACCESS-VDI_USERS-NONE-NONE-NONE-DefaultGroup-NONE <"IW_news",3.0,1,"-",0,0,0,1,"-",-,-,-,"-",1,-,"-","-",-,-,"IW_news",-,"-","News","-","Unknown","Unknown","-","-",12.85,0,-,"Unknown","-",1,"-",-,-,"-","-",-,1,"-",-,-> - 1
10.16.1.241 <38>Jan 23 16:00:59 WEBIRONPORT.HASTINAPUR.RES TO-SYSLOG-SERVER: Info: 1706043654.048 0 10.16.7.211 TCP_DENIED/403 0 CONNECT tunnel://play.google.com:443/ - NONE/- - BLOCK_CUSTOMCAT_12-INTERNET_ACCESS-VDI_USERS-NONE-NONE-NONE-NONE-NONE <"C_Bloc",-,-,"-",-,-,-,-,"-",-,-,-,"-",-,-,"-","-",-,-,"-",-,"-","-","-","-","-","-","-",0.00,0,-,"-","-",-,"-",-,-,"-","-",-,-,"-",-,-> - 1
10.16.1.241 <38>Jan 23 16:01:02 WEBIRONPORT.HASTINAPUR.RES TO-SYSLOG-SERVER: Info: 1706043651.543 0 10.16.14.67 TCP_DENIED/403 0 CONNECT tunnel://oneclient.sfx.ms:443/ - NONE/- - BLOCK_WEBCAT_12-INTERNET_ACCESS-RCI_USERS-NONE-NONE-NONE-NONE-NONE <"IW_osb",8.7,-,"-",-,-,-,-,"-",-,-,-,"-",-,-,"-","-",-,-,"IW_osb",-,"-","Online Storage and Backup","-","Unknown","Unknown","-","-",0.00,0,-,"-","-",-,"-",-,-,"-","-",-,-,"-",-,-> - 0
10.16.1.241 <38>Jan 23 16:01:02 WEBIRONPORT.HASTINAPUR.RES TO-SYSLOG-SERVER: Info: 1706043651.891 300706 10.16.7.209 TCP_MISS/200 671 CONNECT tunnel://c.go-mpulse.net:443/ - DIRECT/c.go-mpulse.net - DEFAULT_CASE_12-INTERNET_ACCESS-VDI_USERS-NONE-NONE-NONE-DefaultGroup-NONE <"IW_busi",3.7,1,"-",0,0,0,1,"-",-,-,-,"-",1,-,"-","-",-,-,"IW_busi",-,"-","Business and Industry","-","Unknown","Unknown","-","-",0.02,0,-,"Unknown","-",1,"-",-,-,"-","-",-,1,"-",-,-> - 0
10.16.1.241 <38>Jan 23 16:01:02 WEBIRONPORT.HASTINAPUR.RES TO-SYSLOG-SERVER: Info: 1706043652.037 170682 10.16.7.208 TCP_MISS/200 21847 CONNECT tunnel://cdn.mouseflow.com:443/ - DIRECT/cdn.mouseflow.com - DEFAULT_CASE_12-INTERNET_ACCESS-VDI_USERS-NONE-NONE-NONE-DefaultGroup-NONE <"IW_comp",3.0,1,"-",0,0,0,1,"-",-,-,-,"-",1,-,"-","-",-,-,"IW_comp",-,"-","Computers and Internet","-","Unknown","Unknown","-","-",1.02,0,-,"Unknown","-",1,"-",-,-,"-","-",-,1,"-",-,-> - 0
10.16.1.241 <38>Jan 23 16:01:02 WEBIRONPORT.HASTINAPUR.RES TO-SYSLOG-SERVER: Info: 1706043652.071 171300 10.16.6.224 TCP_MISS/200 7709 CONNECT tunnel://feedback.esp.vmware.com:443/ - DIRECT/feedback.esp.vmware.com - DEFAULT_CASE_12-INTERNET_ACCESS-RCI_USERS-NONE-NONE-NONE-DefaultGroup-NONE <"IW_comp",5.5,1,"-",0,0,0,1,"-",-,-,-,"-",1,-,"-","-",-,-,"IW_comp",-,"-","Computers and Internet","-","Unknown","Unknown","-","-",0.36,0,-,"Unknown","-",1,"-",-,-,"-","-",-,1,"-",-,-> - 0
10.16.1.241 <38>Jan 23 16:01:02 WEBIRONPORT.HASTINAPUR.RES TO-SYSLOG-SERVER: Info: 1706043652.072 170694 10.16.6.224 TCP_MISS/200 5914 CONNECT tunnel://tag.tapad.com:443/ - DIRECT/tag.tapad.com - DEFAULT_CASE_12-INTERNET_ACCESS-RCI_USERS-NONE-NONE-NONE-DefaultGroup-NONE <"IW_busi",3.0,1,"-",0,0,0,1,"-",-,-,-,"-",1,-,"-","-",-,-,"IW_busi",-,"-","Business and Industry","-","Unknown","Unknown","-","-",0.28,0,-,"Unknown","-",1,"-",-,-,"-","-",-,1,"-",-,-> - 0
10.16.1.241 <38>Jan 23 16:01:02 WEBIRONPORT.HASTINAPUR.RES TO-SYSLOG-SERVER: Info: 1706043652.105 60655 10.16.7.213 TCP_MISS/200 7352 CONNECT tunnel://i.ytimg.com:443/ - DIRECT/i.ytimg.com - DEFAULT_CASE_12-INTERNET_ACCESS-VDI_USERS-NONE-NONE-NONE-DefaultGroup-NONE <"IW_infr",3.0,1,"-",0,0,0,1,"-",-,-,-,"-",1,-,"-","-",-,-,"IW_infr",-,"-","Infrastructure and Content Delivery Networks","-","Unknown","Unknown","-","-",0.97,0,-,"Unknown","-",1,"-",-,-,"-","-",-,1,"-",-,-> - 0
10.16.1.241 <38>Jan 23 16:01:02 WEBIRONPORT.HASTINAPUR.RES TO-SYSLOG-SERVER: Info: 1706043652.106 50428 10.16.7.213 TCP_MISS/200 2139 CONNECT tunnel://www.google-analytics.com:443/ - DIRECT/www.google-analytics.com - DEFAULT_CASE_12-INTERNET_ACCESS-VDI_USERS-NONE-NONE-NONE-DefaultGroup-NONE <"IW_comp",9.1,1,"-",0,0,0,1,"-",-,-,-,"-",1,-,"-","-",-,-,"IW_comp",-,"-","Computers and Internet","-","Unknown","Unknown","-","-",0.34,0,-,"Unknown","-",1,"-",-,-,"-","-",-,1,"-",-,-> - 0
10.16.1.241 <38>Jan 23 16:01:02 WEBIRONPORT.HASTINAPUR.RES TO-SYSLOG-SERVER: Info: 1706043652.106 52645 10.16.7.213 TCP_MISS/200 73917 CONNECT tunnel://www.youtube.com:443/ - DIRECT/www.youtube.com - DEFAULT_CASE_12-INTERNET_ACCESS-VDI_USERS-NONE-NONE-NONE-DefaultGroup-NONE <"IW_vid",8.7,1,"-",0,0,0,1,"-",-,-,-,"-",1,-,"-","-",-,-,"IW_vid",-,"-","Streaming Video","-","Unknown","Unknown","-","-",11.23,0,-,"Unknown","-",1,"-",-,-,"-","-",-,1,"-",-,-> - 0
10.16.1.241 <38>Jan 23 16:01:02 WEBIRONPORT.HASTINAPUR.RES TO-SYSLOG-SERVER: Info: 1706043652.107 0 10.16.7.213 TCP_DENIED/403 0 CONNECT tunnel://play.google.com:443/ - NONE/- - BLOCK_CUSTOMCAT_12-INTERNET_ACCESS-VDI_USERS-NONE-NONE-NONE-NONE-NONE <"C_Bloc",-,-,"-",-,-,-,-,"-",-,-,-,"-",-,-,"-","-",-,-,"-",-,"-","-","-","-","-","-","-",0.00,0,-,"-","-",-,"-",-,-,"-","-",-,-,"-",-,-> - 0
10.16.1.241 <38>Jan 23 16:01:02 WEBIRONPORT.HASTINAPUR.RES TO-SYSLOG-SERVER: Info: 1706043652.514 70157 10.16.7.208 TCP_MISS/200 1458 CONNECT tunnel://api-js.datadome.co:443/ - DIRECT/api-js.datadome.co - DEFAULT_CASE_12-INTERNET_ACCESS-VDI_USERS-NONE-NONE-NONE-DefaultGroup-NONE <"IW_comp",3.0,1,"-",0,0,0,1,"-",-,-,-,"-",1,-,"-","-",-,-,"IW_comp",-,"-","Computers and Internet","-","Unknown","Unknown","-","-",0.17,0,-,"Unknown","-",1,"-",-,-,"-","-",-,1,"-",-,-> - 0
10.16.1.241 <38>Jan 23 16:01:02 WEBIRONPORT.HASTINAPUR.RES TO-SYSLOG-SERVER: Info: 1706043652.637 0 10.16.6.52 TCP_DENIED/403 0 CONNECT tunnel://play.google.com:443/ - NONE/- - BLOCK_CUSTOMCAT_12-INTERNET_ACCESS-RCI_USERS-NONE-NONE-NONE-NONE-NONE <"C_Bloc",-,-,"-",-,-,-,-,"-",-,-,-,"-",-,-,"-","-",-,-,"-",-,"-","-","-","-","-","-","-",0.00,0,-,"-","-",-,"-",-,-,"-","-",-,-,"-",-,-> - 0
10.16.1.241 <38>Jan 23 16:01:02 WEBIRONPORT.HASTINAPUR.RES TO-SYSLOG-SERVER: Info: 1706043652.852 32275 10.16.6.59 TCP_MISS/200 4087599 CONNECT tunnel://rr1---sn-o3o-itqz.googlevideo.com:443/ - DIRECT/rr1---sn-o3o-itqz.googlevideo.com application/octet-stream DEFAULT_CASE_12-INTERNET_ACCESS-RCI_USERS-NONE-NONE-NONE-DefaultGroup-NONE <"IW_vid",4.7,1,"-",0,0,0,1,"-",-,-,-,"-",1,-,"-","-",-,-,"IW_vid",-,"-","Streaming Video","-","Unknown","Unknown","-","-",1013.19,0,-,"Unknown","-",1,"-",-,-,"-","-",-,1,"-",-,-> - 0
10.16.1.241 <38>Jan 23 16:01:02 WEBIRONPORT.HASTINAPUR.RES TO-SYSLOG-SERVER: Info: 1706043653.794 114 10.16.7.217 TCP_MISS/200 1477 CONNECT tunnel://safebrowsing.googleapis.com:443/ - DIRECT/safebrowsing.googleapis.com - DEFAULT_CASE_12-INTERNET_ACCESS-VDI_USERS-NONE-NONE-NONE-DefaultGroup-NONE <"IW_srch",3.0,1,"-",0,0,0,1,"-",-,-,-,"-",1,-,"-","-",-,-,"IW_srch",-,"-","Search Engines and Portals","-","Unknown","Unknown","-","-",103.65,0,-,"Unknown","-",1,"-",-,-,"-","-",-,1,"-",-,-> - 0
10.16.1.241 <38>Jan 23 16:01:02 WEBIRONPORT.HASTINAPUR.RES TO-SYSLOG-SERVER: Info: 1706043655.304 0 10.16.7.217 TCP_DENIED/403 0 CONNECT tunnel://play.google.com:443/ - NONE/- - BLOCK_CUSTOMCAT_12-INTERNET_ACCESS-VDI_USERS-NONE-NONE-NONE-NONE-NONE <"C_Bloc",-,-,"-",-,-,-,-,"-",-,-,-,"-",-,-,"-","-",-,-,"-",-,"-","-","-","-","-","-","-",0.00,0,-,"-","-",-,"-",-,-,"-","-",-,-,"-",-,-> - 0
10.16.1.241 <38>Jan 23 16:01:06 WEBIRONPORT.HASTINAPUR.RES TO-SYSLOG-SERVER: Info: 1706043659.023 13697 10.16.7.207 TCP_MISS/200 8663 CONNECT tunnel://id.google.com:443/ - DIRECT/id.google.com - DEFAULT_CASE_12-INTERNET_ACCESS-VDI_USERS-NONE-NONE-NONE-DefaultGroup-NONE <"IW_srch",6.3,1,"-",0,0,0,1,"-",-,-,-,"-",1,-,"-","-",-,-,"IW_srch",-,"-","Search Engines and Portals","-","Unknown","Unknown","-","-",5.06,0,-,"Unknown","-",1,"-",-,-,"-","-",-,1,"-",-,-> - 2
10.16.1.241 <38>Jan 23 16:01:06 WEBIRONPORT.HASTINAPUR.RES TO-SYSLOG-SERVER: Info: 1706043659.023 13815 10.16.7.207 TCP_MISS/200 352339 CONNECT tunnel://www.google.co.in:443/ - DIRECT/www.google.co.in application/octet-stream DEFAULT_CASE_12-INTERNET_ACCESS-VDI_USERS-NONE-NONE-NONE-DefaultGroup-NONE <"IW_srch",4.9,1,"-",0,0,0,1,"-",-,-,-,"-",1,-,"-","-",-,-,"IW_srch",-,"-","Search Engines and Portals","-","Unknown","Unknown","-","-",204.03,0,-,"Unknown","-",1,"-",-,-,"-","-",-,1,"-",-,-> - 2
10.16.1.241 <38>Jan 23 16:01:06 WEBIRONPORT.HASTINAPUR.RES TO-SYSLOG-SERVER: Info: 1706043659.023 10015 10.16.7.207 TCP_MISS/200 84480 CONNECT tunnel://encrypted-tbn0.gstatic.com:443/ - DIRECT/encrypted-tbn0.gstatic.com - DEFAULT_CASE_12-INTERNET_ACCESS-VDI_USERS-NONE-NONE-NONE-DefaultGroup-NONE <"IW_infr",4.7,1,"-",0,0,0,1,"-",-,-,-,"-",1,-,"-","-",-,-,"IW_infr",-,"-","Infrastructure and Content Delivery Networks","-","Unknown","Unknown","-","-",67.48,0,-,"Unknown","-",1,"-",-,-,"-","-",-,1,"-",-,-> - 2
10.16.1.241 <38>Jan 23 16:01:06 WEBIRONPORT.HASTINAPUR.RES TO-SYSLOG-SERVER: Info: 1706043659.023 927 10.16.7.207 TCP_MISS/200 120527 CONNECT tunnel://promos.makemytrip.com:443/ - DIRECT/promos.makemytrip.com - DEFAULT_CASE_12-INTERNET_ACCESS-VDI_USERS-NONE-NONE-NONE-DefaultGroup-NONE <"IW_trvl",3.7,1,"-",0,0,0,1,"-",-,-,-,"-",1,-,"-","-",-,-,"IW_trvl",-,"-","Travel","-","Unknown","Unknown","-","-",1040.15,0,-,"Unknown","-",1,"-",-,-,"-","-",-,1,"-",-,-> - 2
10.16.1.241 <38>Jan 23 16:01:06 WEBIRONPORT.HASTINAPUR.RES TO-SYSLOG-SERVER: Info: 1706043659.024 1242 10.16.7.207 TCP_MISS/200 6654 CONNECT tunnel://www.makemytrip.com:443/ - DIRECT/www.makemytrip.com application/octet-stream DEFAULT_CASE_12-INTERNET_ACCESS-VDI_USERS-NONE-NONE-NONE-DefaultGroup-NONE <"IW_trvl",3.7,1,"-",0,0,0,1,"-",-,-,-,"-",1,-,"-","-",-,-,"IW_trvl",-,"-","Travel","-","Unknown","Unknown","-","-",42.86,0,-,"Unknown","-",1,"-",-,-,"-","-",-,1,"-",-,-> - 2
10.16.1.241 <38>Jan 23 16:01:06 WEBIRONPORT.HASTINAPUR.RES TO-SYSLOG-SERVER: Info: 1706043659.024 1898 10.16.7.207 TCP_MISS/200 33150 CONNECT tunnel://mapi.makemytrip.com:443/ - DIRECT/mapi.makemytrip.com - DEFAULT_CASE_12-INTERNET_ACCESS-VDI_USERS-NONE-NONE-NONE-DefaultGroup-NONE <"IW_trvl",3.7,1,"-",0,0,0,1,"-",-,-,-,"-",1,-,"-","-",-,-,"IW_trvl",-,"-","Travel","-","Unknown","Unknown","-","-",139.73,0,-,"Unknown","-",1,"-",-,-,"-","-",-,1,"-",-,-> - 2
10.16.1.241 <38>Jan 23 16:01:06 WEBIRONPORT.HASTINAPUR.RES TO-SYSLOG-SERVER: Info: 1706043659.024 12805 10.16.7.207 TCP_MISS/200 675627 CONNECT tunnel://www.gstatic.com:443/ - DIRECT/www.gstatic.com - DEFAULT_CASE_12-INTERNET_ACCESS-VDI_USERS-NONE-NONE-NONE-DefaultGroup-NONE <"IW_infr",4.7,1,"-",0,0,0,1,"-",-,-,-,"-",1,-,"-","-",-,-,"IW_infr",-,"-","Infrastructure and Content Delivery Networks","-","Unknown","Unknown","-","-",422.10,0,-,"Unknown","-",1,"-",-,-,"-","-",-,1,"-",-,-> - 2
10.16.1.241 <38>Jan 23 16:01:06 WEBIRONPORT.HASTINAPUR.RES TO-SYSLOG-SERVER: Info: 1706043659.130 124207 10.16.6.141 TCP_MISS/200 22394 CONNECT tunnel://mail.rcilab.in:443/ - DIRECT/mail.rcilab.in - ALLOW_CUSTOMCAT_12-INTERNET_ACCESS-RCI_USERS-NONE-NONE-NONE-DefaultGroup-NONE <"C_Allo",-,-,"-",-,-,-,-,"-",-,-,-,"-",-,-,"-","-",-,-,"-",-,"-","-","-","-","-","-","-",1.44,0,-,"-","-",-,"-",-,-,"-","-",-,-,"-",-,-> - 2
10.16.1.241 <38>Jan 23 16:01:06 WEBIRONPORT.HASTINAPUR.RES TO-SYSLOG-SERVER: Info: 1706043659.132 109 10.16.7.207 TCP_MISS/200 3679 CONNECT tunnel://platforms.makemytrip.com:443/ - DIRECT/platforms.makemytrip.com application/octet-stream DEFAULT_CASE_12-INTERNET_ACCESS-VDI_USERS-NONE-NONE-NONE-DefaultGroup-NONE <"IW_trvl",3.7,1,"-",0,0,0,1,"-",-,-,-,"-",1,-,"-","-",-,-,"IW_trvl",-,"-","Travel","-","Unknown","Unknown","-","-",270.02,0,-,"Unknown","-",1,"-",-,-,"-","-",-,1,"-",-,-> - 2
10.16.1.241 <38>Jan 23 16:01:11 WEBIRONPORT.HASTINAPUR.RES TO-SYSLOG-SERVER: Info: 1706043663.872 240344 10.16.7.208 TCP_MISS/200 2448 CONNECT tunnel://update.googleapis.com:443/ - DIRECT/update.googleapis.com - DEFAULT_CASE_12-INTERNET_ACCESS-VDI_USERS-NONE-NONE-NONE-DefaultGroup-NONE <"IW_comp",3.0,1,"-",0,0,0,1,"-",-,-,-,"-",1,-,"-","-",-,-,"IW_comp",-,"-","Computers and Internet","-","Unknown","Unknown","-","-",0.08,0,-,"Unknown","-",1,"-",-,-,"-","-",-,1,"-",-,-> - 1
10.16.1.241 <38>Jan 23 16:01:11 WEBIRONPORT.HASTINAPUR.RES TO-SYSLOG-SERVER: Info: 1706043664.004 437524 10.16.7.207 TCP_MISS/200 8441 CONNECT tunnel://analytics.google.com:443/ - DIRECT/analytics.google.com - DEFAULT_CASE_12-INTERNET_ACCESS-VDI_USERS-NONE-NONE-NONE-DefaultGroup-NONE <"IW_srch",6.3,1,"-",0,0,0,1,"-",-,-,-,"-",1,-,"-","-",-,-,"IW_srch",-,"-","Search Engines and Portals","-","Unknown","Unknown","-","-",0.15,0,-,"Unknown","-",1,"-",-,-,"-","-",-,1,"-",-,-> - 1
10.16.1.241 <38>Jan 23 16:01:11 WEBIRONPORT.HASTINAPUR.RES TO-SYSLOG-SERVER: Info: 1706043664.004 437523 10.16.7.207 TCP_MISS/200 8609 CONNECT tunnel://www.google.co.in:443/ - DIRECT/www.google.co.in application/octet-stream DEFAULT_CASE_12-INTERNET_ACCESS-VDI_USERS-NONE-NONE-NONE-DefaultGroup-NONE <"IW_srch",4.9,1,"-",0,0,0,1,"-",-,-,-,"-",1,-,"-","-",-,-,"IW_srch",-,"-","Search Engines and Portals","-","Unknown","Unknown","-","-",0.16,0,-,"Unknown","-",1,"-",-,-,"-","-",-,1,"-",-,-> - 1
10.16.1.241 <38>Jan 23 16:01:11 WEBIRONPORT.HASTINAPUR.RES TO-SYSLOG-SERVER: Info: 1706043664.646 48 10.16.7.211 TCP_CLIENT_REFRESH_MISS/200 411 GET http://detectportal.firefox.com/canonical.html - DIRECT/detectportal.firefox.com text/html DEFAULT_CASE_12-INTERNET_ACCESS-VDI_USERS-NONE-NONE-NONE-DefaultGroup-NONE <"IW_infr",3.0,1,"-",0,0,0,1,"-",-,-,-,"-",1,-,"-","-",-,-,"IW_infr",-,"Unknown","Infrastructure and Content Delivery Networks","-","Unknown","Unknown","-","-",68.50,0,-,"Unknown","-",1,"-",-,-,"-","-",-,-,"-",-,-> - 1
10.16.1.241 <38>Jan 23 16:01:11 WEBIRONPORT.HASTINAPUR.RES TO-SYSLOG-SERVER: Info: 1706043664.734 19 10.16.7.211 TCP_CLIENT_REFRESH_MISS/200 329 GET http://detectportal.firefox.com/success.txt?ipv4 - DIRECT/detectportal.firefox.com text/plain DEFAULT_CASE_12-INTERNET_ACCESS-VDI_USERS-NONE-NONE-NONE-DefaultGroup-NONE <"IW_infr",3.0,1,"-",0,0,0,1,"-",-,-,-,"-",1,-,"-","-",-,-,"IW_infr",-,"Unknown","Infrastructure and Content Delivery Networks","-","Unknown","Unknown","-","-",138.53,0,-,"Unknown","-",1,"-",-,-,"-","-",-,-,"-",-,-> - 1
10.16.1.241 <38>Jan 23 16:01:11 WEBIRONPORT.HASTINAPUR.RES TO-SYSLOG-SERVER: Info: 1706043664.758 42 10.16.7.211 TCP_CLIENT_REFRESH_MISS/200 329 GET http://detectportal.firefox.com/success.txt?ipv6 - DIRECT/detectportal.firefox.com text/plain DEFAULT_CASE_12-INTERNET_ACCESS-VDI_USERS-NONE-NONE-NONE-DefaultGroup-NONE <"IW_infr",3.0,1,"-",0,0,0,1,"-",-,-,-,"-",1,-,"-","-",-,-,"IW_infr",-,"Unknown","Infrastructure and Content Delivery Networks","-","Unknown","Unknown","-","-",62.67,0,-,"Unknown","-",1,"-",-,-,"-","-",-,-,"-",-,-> - 1
10.16.1.241 <38>Jan 23 16:01:11 WEBIRONPORT.HASTINAPUR.RES TO-SYSLOG-SERVER: Info: 1706043664.865 0 10.16.7.207 TCP_DENIED/403 0 CONNECT tunnel://play.google.com:443/ - NONE/- - BLOCK_CUSTOMCAT_12-INTERNET_ACCESS-VDI_USERS-NONE-NONE-NONE-NONE-NONE <"C_Bloc",-,-,"-",-,-,-,-,"-",-,-,-,"-",-,-,"-","-",-,-,"-",-,"-","-","-","-","-","-","-",0.00,0,-,"-","-",-,"-",-,-,"-","-",-,-,"-",-,-> - 1
10.16.1.241 <38>Jan 23 16:01:11 WEBIRONPORT.HASTINAPUR.RES TO-SYSLOG-SERVER: Info: 1706043665.179 165 10.16.7.211 TCP_CLIENT_REFRESH_MISS/200 982 POST http://r3.o.lencr.org/ - DIRECT/r3.o.lencr.org application/octet-stream DEFAULT_CASE_12-INTERNET_ACCESS-VDI_USERS-NONE-NONE-NONE-DefaultGroup-NONE <"IW_infr",3.0,1,"-",0,0,0,1,"-",-,-,-,"-",0,0,"-","-",-,-,"IW_infr",-,"Unknown","Infrastructure and Content Delivery Networks","-","Unknown","Unknown","-","-",47.61,0,-,"Unknown","-",0,"-",0,0,"-","cd430847c78cfe9feaa00656c44b50375d8f50c091f138155ffa4cc6cc07c361",4,-,"-",-,-> - 1
10.16.1.241 <38>Jan 23 16:01:11 WEBIRONPORT.HASTINAPUR.RES TO-SYSLOG-SERVER: Info: 1706043665.206 11983 10.16.6.59 TCP_MISS/200 446886 CONNECT tunnel://rr1---sn-o3o-itqz.googlevideo.com:443/ - DIRECT/rr1---sn-o3o-itqz.googlevideo.com - DEFAULT_CASE_12-INTERNET_ACCESS-RCI_USERS-NONE-NONE-NONE-DefaultGroup-NONE <"IW_vid",4.7,1,"-",0,0,0,1,"-",-,-,-,"-",1,-,"-","-",-,-,"IW_vid",-,"-","Streaming Video","-","Unknown","Unknown","-","-",298.35,0,-,"Unknown","-",1,"-",-,-,"-","-",-,1,"-",-,-> - 1
10.16.1.241 <38>Jan 23 16:01:16 WEBIRONPORT.HASTINAPUR.RES TO-SYSLOG-SERVER: Info: 1706043673.532 0 10.16.7.207 TCP_DENIED/403 0 CONNECT tunnel://pagead2.googlesyndication.com:443/ - NONE/- - BLOCK_WEBCAT_12-INTERNET_ACCESS-VDI_USERS-NONE-NONE-NONE-NONE-NONE <"IW_adv",3.0,-,"-",-,-,-,-,"-",-,-,-,"-",-,-,"-","-",-,-,"IW_adv",-,"-","Advertisements","-","Unknown","Unknown","-","-",0.00,0,-,"-","-",-,"-",-,-,"-","-",-,-,"-",-,-> - 2
10.16.1.241 <38>Jan 23 16:01:16 WEBIRONPORT.HASTINAPUR.RES TO-SYSLOG-SERVER: Info: 1706043673.533 0 10.16.7.207 TCP_DENIED/403 0 CONNECT tunnel://pagead2.googlesyndication.com:443/ - NONE/- - BLOCK_WEBCAT_12-INTERNET_ACCESS-VDI_USERS-NONE-NONE-NONE-NONE-NONE <"IW_adv",3.0,-,"-",-,-,-,-,"-",-,-,-,"-",-,-,"-","-",-,-,"IW_adv",-,"-","Advertisements","-","Unknown","Unknown","-","-",0.00,0,-,"-","-",-,"-",-,-,"-","-",-,-,"-",-,-> - 2
10.16.1.241 <38>Jan 23 16:01:16 WEBIRONPORT.HASTINAPUR.RES TO-SYSLOG-SERVER: Info: 1706043673.542 0 10.16.7.207 TCP_DENIED/403 0 CONNECT tunnel://pagead2.googlesyndication.com:443/ - NONE/- - BLOCK_WEBCAT_12-INTERNET_ACCESS-VDI_USERS-NONE-NONE-NONE-NONE-NONE <"IW_adv",3.0,-,"-",-,-,-,-,"-",-,-,-,"-",-,-,"-","-",-,-,"IW_adv",-,"-","Advertisements","-","Unknown","Unknown","-","-",0.00,0,-,"-","-",-,"-",-,-,"-","-",-,-,"-",-,-> - 2
10.16.1.241 <38>Jan 23 16:01:16 WEBIRONPORT.HASTINAPUR.RES TO-SYSLOG-SERVER: Info: 1706043673.547 0 10.16.7.207 TCP_DENIED/403 0 CONNECT tunnel://pagead2.googlesyndication.com:443/ - NONE/- - BLOCK_WEBCAT_12-INTERNET_ACCESS-VDI_USERS-NONE-NONE-NONE-NONE-NONE <"IW_adv",3.0,-,"-",-,-,-,-,"-",-,-,-,"-",-,-,"-","-",-,-,"IW_adv",-,"-","Advertisements","-","Unknown","Unknown","-","-",0.00,0,-,"-","-",-,"-",-,-,"-","-",-,-,"-",-,-> - 2
10.16.1.241 <38>Jan 23 16:01:16 WEBIRONPORT.HASTINAPUR.RES TO-SYSLOG-SERVER: Info: 1706043673.571 0 10.16.7.207 TCP_DENIED/403 0 CONNECT tunnel://s0.2mdn.net:443/ - NONE/- - BLOCK_WEBCAT_12-INTERNET_ACCESS-VDI_USERS-NONE-NONE-NONE-NONE-NONE <"IW_adv",3.7,-,"-",-,-,-,-,"-",-,-,-,"-",-,-,"-","-",-,-,"IW_adv",-,"-","Advertisements","-","Unknown","Unknown","-","-",0.00,0,-,"-","-",-,"-",-,-,"-","-",-,-,"-",-,-> - 2
10.16.1.241 <38>Jan 23 16:01:16 WEBIRONPORT.HASTINAPUR.RES TO-SYSLOG-SERVER: Info: 1706043673.615 0 10.16.7.207 TCP_DENIED/403 0 CONNECT tunnel://pagead2.googlesyndication.com:443/ - NONE/- - BLOCK_WEBCAT_12-INTERNET_ACCESS-VDI_USERS-NONE-NONE-NONE-NONE-NONE <"IW_adv",3.0,-,"-",-,-,-,-,"-",-,-,-,"-",-,-,"-","-",-,-,"IW_adv",-,"-","Advertisements","-","Unknown","Unknown","-","-",0.00,0,-,"-","-",-,"-",-,-,"-","-",-,-,"-",-,-> - 2
10.16.1.241 <38>Jan 23 16:01:16 WEBIRONPORT.HASTINAPUR.RES TO-SYSLOG-SERVER: Info: 1706043673.617 60018 10.16.7.208 TCP_MISS/200 5131 CONNECT tunnel://rr1---sn-o3o-itqz.googlevideo.com:443/ - DIRECT/rr1---sn-o3o-itqz.googlevideo.com - DEFAULT_CASE_12-INTERNET_ACCESS-VDI_USERS-NONE-NONE-NONE-DefaultGroup-NONE <"IW_vid",4.7,1,"-",0,0,0,1,"-",-,-,-,"-",1,-,"-","-",-,-,"IW_vid",-,"-","Streaming Video","-","Unknown","Unknown","-","-",0.68,0,-,"Unknown","-",1,"-",-,-,"-","-",-,1,"-",-,-> - 2
10.16.1.241 <38>Jan 23 16:01:16 WEBIRONPORT.HASTINAPUR.RES TO-SYSLOG-SERVER: Info: 1706043673.656 0 10.16.7.207 TCP_DENIED/403 0 CONNECT tunnel://pagead2.googlesyndication.com:443/ - NONE/- - BLOCK_WEBCAT_12-INTERNET_ACCESS-VDI_USERS-NONE-NONE-NONE-NONE-NONE <"IW_adv",3.0,-,"-",-,-,-,-,"-",-,-,-,"-",-,-,"-","-",-,-,"IW_adv",-,"-","Advertisements","-","Unknown","Unknown","-","-",0.00,0,-,"-","-",-,"-",-,-,"-","-",-,-,"-",-,-> - 2
10.16.1.241 <38>Jan 23 16:01:16 WEBIRONPORT.HASTINAPUR.RES TO-SYSLOG-SERVER: Info: 1706043673.772 190 10.16.7.211 TCP_MISS/200 1477 CONNECT tunnel://safebrowsing.googleapis.com:443/ - DIRECT/safebrowsing.googleapis.com - DEFAULT_CASE_12-INTERNET_ACCESS-VDI_USERS-NONE-NONE-NONE-DefaultGroup-NONE <"IW_srch",3.0,1,"-",0,0,0,1,"-",-,-,-,"-",1,-,"-","-",-,-,"IW_srch",-,"-","Search Engines and Portals","-","Unknown","Unknown","-","-",62.19,0,-,"Unknown","-",1,"-",-,-,"-","-",-,1,"-",-,-> - 2
10.16.1.241 <38>Jan 23 16:01:22 WEBIRONPORT.HASTINAPUR.RES TO-SYSLOG-SERVER: Info: 1706043677.585 0 10.16.7.207 TCP_DENIED/403 0 CONNECT tunnel://pubads.g.doubleclick.net:443/ - NONE/- - BLOCK_WEBCAT_12-INTERNET_ACCESS-VDI_USERS-NONE-NONE-NONE-NONE-NONE <"IW_adv",5.5,-,"-",-,-,-,-,"-",-,-,-,"-",-,-,"-","-",-,-,"IW_adv",-,"-","Advertisements","-","Unknown","Unknown","-","-",0.00,0,-,"-","-",-,"-",-,-,"-","-",-,-,"-",-,-> - 2
10.16.1.241 <38>Jan 23 16:01:22 WEBIRONPORT.HASTINAPUR.RES TO-SYSLOG-SERVER: Info: 1706043677.591 0 10.16.7.211 TCP_DENIED/403 0 CONNECT tunnel://play.google.com:443/ - NONE/- - BLOCK_CUSTOMCAT_12-INTERNET_ACCESS-VDI_USERS-NONE-NONE-NONE-NONE-NONE <"C_Bloc",-,-,"-",-,-,-,-,"-",-,-,-,"-",-,-,"-","-",-,-,"-",-,"-","-","-","-","-","-","-",0.00,0,-,"-","-",-,"-",-,-,"-","-",-,-,"-",-,-> - 2
10.16.1.241 <38>Jan 23 16:01:22 WEBIRONPORT.HASTINAPUR.RES TO-SYSLOG-SERVER: Info: 1706043677.591 0 10.16.7.207 TCP_DENIED/403 0 CONNECT tunnel://pubads.g.doubleclick.net:443/ - NONE/- - BLOCK_WEBCAT_12-INTERNET_ACCESS-VDI_USERS-NONE-NONE-NONE-NONE-NONE <"IW_adv",5.5,-,"-",-,-,-,-,"-",-,-,-,"-",-,-,"-","-",-,-,"IW_adv",-,"-","Advertisements","-","Unknown","Unknown","-","-",0.00,0,-,"-","-",-,"-",-,-,"-","-",-,-,"-",-,-> - 2
10.16.1.241 <38>Jan 23 16:01:22 WEBIRONPORT.HASTINAPUR.RES TO-SYSLOG-SERVER: Info: 1706043677.600 0 10.16.7.207 TCP_DENIED/403 0 CONNECT tunnel://pubads.g.doubleclick.net:443/ - NONE/- - BLOCK_WEBCAT_12-INTERNET_ACCESS-VDI_USERS-NONE-NONE-NONE-NONE-NONE <"IW_adv",5.5,-,"-",-,-,-,-,"-",-,-,-,"-",-,-,"-","-",-,-,"IW_adv",-,"-","Advertisements","-","Unknown","Unknown","-","-",0.00,0,-,"-","-",-,"-",-,-,"-","-",-,-,"-",-,-> - 2
10.16.1.241 <38>Jan 23 16:01:22 WEBIRONPORT.HASTINAPUR.RES TO-SYSLOG-SERVER: Info: 1706043677.609 0 10.16.7.207 TCP_DENIED/403 0 CONNECT tunnel://pubads.g.doubleclick.net:443/ - NONE/- - BLOCK_WEBCAT_12-INTERNET_ACCESS-VDI_USERS-NONE-NONE-NONE-NONE-NONE <"IW_adv",5.5,-,"-",-,-,-,-,"-",-,-,-,"-",-,-,"-","-",-,-,"IW_adv",-,"-","Advertisements","-","Unknown","Unknown","-","-",0.00,0,-,"-","-",-,"-",-,-,"-","-",-,-,"-",-,-> - 2
10.16.1.241 <38>Jan 23 16:01:22 WEBIRONPORT.HASTINAPUR.RES TO-SYSLOG-SERVER: Info: 1706043677.674 0 10.16.7.207 TCP_DENIED/403 0 CONNECT tunnel://s0.2mdn.net:443/ - NONE/- - BLOCK_WEBCAT_12-INTERNET_ACCESS-VDI_USERS-NONE-NONE-NONE-NONE-NONE <"IW_adv",3.7,-,"-",-,-,-,-,"-",-,-,-,"-",-,-,"-","-",-,-,"IW_adv",-,"-","Advertisements","-","Unknown","Unknown","-","-",0.00,0,-,"-","-",-,"-",-,-,"-","-",-,-,"-",-,-> - 2
10.16.1.241 <38>Jan 23 16:01:22 WEBIRONPORT.HASTINAPUR.RES TO-SYSLOG-SERVER: Info: 1706043677.675 0 10.16.7.207 TCP_DENIED/403 0 CONNECT tunnel://pagead2.googlesyndication.com:443/ - NONE/- - BLOCK_WEBCAT_12-INTERNET_ACCESS-VDI_USERS-NONE-NONE-NONE-NONE-NONE <"IW_adv",3.0,-,"-",-,-,-,-,"-",-,-,-,"-",-,-,"-","-",-,-,"IW_adv",-,"-","Advertisements","-","Unknown","Unknown","-","-",0.00,0,-,"-","-",-,"-",-,-,"-","-",-,-,"-",-,-> - 2
10.16.1.241 <38>Jan 23 16:01:22 WEBIRONPORT.HASTINAPUR.RES TO-SYSLOG-SERVER: Info: 1706043677.697 0 10.16.7.207 TCP_DENIED/403 0 CONNECT tunnel://pagead2.googlesyndication.com:443/ - NONE/- - BLOCK_WEBCAT_12-INTERNET_ACCESS-VDI_USERS-NONE-NONE-NONE-NONE-NONE <"IW_adv",3.0,-,"-",-,-,-,-,"-",-,-,-,"-",-,-,"-","-",-,-,"IW_adv",-,"-","Advertisements","-","Unknown","Unknown","-","-",0.00,0,-,"-","-",-,"-",-,-,"-","-",-,-,"-",-,-> - 2
10.16.1.241 <38>Jan 23 16:01:22 WEBIRONPORT.HASTINAPUR.RES TO-SYSLOG-SERVER: Info: 1706043677.705 186682 10.16.7.211 TCP_MISS/200 138076 CONNECT tunnel://content.instructables.com:443/ - DIRECT/content.instructables.com application/octet-stream DEFAULT_CASE_12-INTERNET_ACCESS-VDI_USERS-NONE-NONE-NONE-DefaultGroup-NONE <"IW_diy",3.0,1,"-",0,0,0,1,"-",-,-,-,"-",1,-,"-","-",-,-,"IW_diy",-,"-","DIY Projects","-","Unknown","Unknown","-","-",5.92,0,-,"Unknown","-",1,"-",-,-,"-","-",-,1,"-",-,-> - 2
10.16.1.241 <38>Jan 23 16:01:22 WEBIRONPORT.HASTINAPUR.RES TO-SYSLOG-SERVER: Info: 1706043677.710 0 10.16.7.207 TCP_DENIED/403 0 CONNECT tunnel://s0.2mdn.net:443/ - NONE/- - BLOCK_WEBCAT_12-INTERNET_ACCESS-VDI_USERS-NONE-NONE-NONE-NONE-NONE <"IW_adv",3.7,-,"-",-,-,-,-,"-",-,-,-,"-",-,-,"-","-",-,-,"IW_adv",-,"-","Advertisements","-","Unknown","Unknown","-","-",0.00,0,-,"-","-",-,"-",-,-,"-","-",-,-,"-",-,-> - 2
10.16.1.241 <38>Jan 23 16:01:22 WEBIRONPORT.HASTINAPUR.RES TO-SYSLOG-SERVER: Info: 1706043677.716 72 10.16.7.209 TCP_CLIENT_REFRESH_MISS/200 981 POST http://r3.o.lencr.org/ - DIRECT/r3.o.lencr.org application/octet-stream DEFAULT_CASE_12-INTERNET_ACCESS-VDI_USERS-NONE-NONE-NONE-DefaultGroup-NONE <"IW_infr",3.0,1,"-",0,0,0,1,"-",-,-,-,"-",0,0,"-","-",-,-,"IW_infr",-,"Unknown","Infrastructure and Content Delivery Networks","-","Unknown","Unknown","-","-",109.00,0,-,"Unknown","-",0,"-",0,0,"-","d5d5d9c97e9428dafe3075fe313d44302e01b5362ce16a4143fa58e5658c292c",4,-,"-",-,-> - 2
10.16.1.241 <38>Jan 23 16:01:26 WEBIRONPORT.HASTINAPUR.RES TO-SYSLOG-SERVER: Info: 1706043679.402 0 10.16.7.207 TCP_DENIED/403 0 CONNECT tunnel://s0.2mdn.net:443/ - NONE/- - BLOCK_WEBCAT_12-INTERNET_ACCESS-VDI_USERS-NONE-NONE-NONE-NONE-NONE <"IW_adv",3.7,-,"-",-,-,-,-,"-",-,-,-,"-",-,-,"-","-",-,-,"IW_adv",-,"-","Advertisements","-","Unknown","Unknown","-","-",0.00,0,-,"-","-",-,"-",-,-,"-","-",-,-,"-",-,-> - 1
10.16.1.241 <38>Jan 23 16:01:26 WEBIRONPORT.HASTINAPUR.RES TO-SYSLOG-SERVER: Info: 1706043679.431 0 10.16.7.207 TCP_DENIED/403 0 CONNECT tunnel://pagead2.googlesyndication.com:443/ - NONE/- - BLOCK_WEBCAT_12-INTERNET_ACCESS-VDI_USERS-NONE-NONE-NONE-NONE-NONE <"IW_adv",3.0,-,"-",-,-,-,-,"-",-,-,-,"-",-,-,"-","-",-,-,"IW_adv",-,"-","Advertisements","-","Unknown","Unknown","-","-",0.00,0,-,"-","-",-,"-",-,-,"-","-",-,-,"-",-,-> - 1
10.16.1.241 <38>Jan 23 16:01:26 WEBIRONPORT.HASTINAPUR.RES TO-SYSLOG-SERVER: Info: 1706043679.482 0 10.16.7.211 TCP_DENIED/403 0 CONNECT tunnel://play.google.com:443/ - NONE/- - BLOCK_CUSTOMCAT_12-INTERNET_ACCESS-VDI_USERS-NONE-NONE-NONE-NONE-NONE <"C_Bloc",-,-,"-",-,-,-,-,"-",-,-,-,"-",-,-,"-","-",-,-,"-",-,"-","-","-","-","-","-","-",0.00,0,-,"-","-",-,"-",-,-,"-","-",-,-,"-",-,-> - 1
10.16.1.241 <38>Jan 23 16:01:26 WEBIRONPORT.HASTINAPUR.RES TO-SYSLOG-SERVER: Info: 1706043679.645 0 10.16.7.211 TCP_DENIED/403 0 CONNECT tunnel://epicunitscan.info:443/ - NONE/- - BLOCK_WEBCAT_12-INTERNET_ACCESS-VDI_USERS-NONE-NONE-NONE-NONE-NONE <"IW_adv",5.7,-,"-",-,-,-,-,"-",-,-,-,"-",-,-,"-","-",-,-,"IW_adv",-,"-","Advertisements","-","Unknown","Unknown","-","-",0.00,0,-,"-","-",-,"-",-,-,"-","-",-,-,"-",-,-> - 1
10.16.1.241 <38>Jan 23 16:01:26 WEBIRONPORT.HASTINAPUR.RES TO-SYSLOG-SERVER: Info: 1706043679.671 0 10.16.7.207 TCP_DENIED/403 0 CONNECT tunnel://pubads.g.doubleclick.net:443/ - NONE/- - BLOCK_WEBCAT_12-INTERNET_ACCESS-VDI_USERS-NONE-NONE-NONE-NONE-NONE <"IW_adv",5.5,-,"-",-,-,-,-,"-",-,-,-,"-",-,-,"-","-",-,-,"IW_adv",-,"-","Advertisements","-","Unknown","Unknown","-","-",0.00,0,-,"-","-",-,"-",-,-,"-","-",-,-,"-",-,-> - 1
10.16.1.241 <38>Jan 23 16:01:26 WEBIRONPORT.HASTINAPUR.RES TO-SYSLOG-SERVER: Info: 1706043679.704 0 10.16.7.207 TCP_DENIED/403 0 CONNECT tunnel://pubads.g.doubleclick.net:443/ - NONE/- - BLOCK_WEBCAT_12-INTERNET_ACCESS-VDI_USERS-NONE-NONE-NONE-NONE-NONE <"IW_adv",5.5,-,"-",-,-,-,-,"-",-,-,-,"-",-,-,"-","-",-,-,"IW_adv",-,"-","Advertisements","-","Unknown","Unknown","-","-",0.00,0,-,"-","-",-,"-",-,-,"-","-",-,-,"-",-,-> - 1
10.16.1.241 <38>Jan 23 16:01:26 WEBIRONPORT.HASTINAPUR.RES TO-SYSLOG-SERVER: Info: 1706043679.718 245 10.16.7.211 TCP_MISS/200 9406 CONNECT tunnel://m.media-amazon.com:443/ - DIRECT/m.media-amazon.com - DEFAULT_CASE_12-INTERNET_ACCESS-VDI_USERS-NONE-NONE-NONE-DefaultGroup-NONE <"IW_infr",3.0,1,"-",0,0,0,1,"-",-,-,-,"-",1,-,"-","-",-,-,"IW_infr",-,"-","Infrastructure and Content Delivery Networks","-","Unknown","Unknown","-","-",307.13,0,-,"Unknown","-",1,"-",-,-,"-","-",-,1,"-",-,-> - 1
10.16.1.241 <38>Jan 23 16:01:26 WEBIRONPORT.HASTINAPUR.RES TO-SYSLOG-SERVER: Info: 1706043679.850 364 10.16.7.211 TCP_MISS/200 5645 CONNECT tunnel://images-eu.ssl-images-amazon.com:443/ - DIRECT/images-eu.ssl-images-amazon.com - DEFAULT_CASE_12-INTERNET_ACCESS-VDI_USERS-NONE-NONE-NONE-DefaultGroup-NONE <"IW_infr",5.4,1,"-",0,0,0,1,"-",-,-,-,"-",1,-,"-","-",-,-,"IW_infr",-,"-","Infrastructure and Content Delivery Networks","-","Unknown","Unknown","-","-",124.07,0,-,"Unknown","-",1,"-",-,-,"-","-",-,1,"-",-,-> - 1
10.16.1.241 <38>Jan 23 16:01:26 WEBIRONPORT.HASTINAPUR.RES TO-SYSLOG-SERVER: Info: 1706043679.940 395 10.16.7.211 TCP_MISS/200 14451 CONNECT tunnel://images-eu.ssl-images-amazon.com:443/ - DIRECT/images-eu.ssl-images-amazon.com - DEFAULT_CASE_12-INTERNET_ACCESS-VDI_USERS-NONE-NONE-NONE-DefaultGroup-NONE <"IW_infr",5.4,1,"-",0,0,0,1,"-",-,-,-,"-",1,-,"-","-",-,-,"IW_infr",-,"-","Infrastructure and Content Delivery Networks","-","Unknown","Unknown","-","-",292.68,0,-,"Unknown","-",1,"-",-,-,"-","-",-,1,"-",-,-> - 1
10.16.1.241 <38>Jan 23 16:01:26 WEBIRONPORT.HASTINAPUR.RES TO-SYSLOG-SERVER: Info: 1706043679.950 156672 10.16.7.211 TCP_MISS/200 7446 CONNECT tunnel://prebid.andbeyond.media:443/ - DIRECT/prebid.andbeyond.media - DEFAULT_CASE_12-INTERNET_ACCESS-VDI_USERS-NONE-NONE-NONE-DefaultGroup-NONE <"IW_busi",3.0,1,"-",0,0,0,1,"-",-,-,-,"-",1,-,"-","-",-,-,"IW_busi",-,"-","Business and Industry","-","Unknown","Unknown","-","-",0.38,0,-,"Unknown","-",1,"-",-,-,"-","-",-,1,"-",-,-> - 1
10.16.1.241 <38>Jan 23 16:01:31 WEBIRONPORT.HASTINAPUR.RES TO-SYSLOG-SERVER: Info: 1706043686.521 0 10.16.7.207 TCP_DENIED/403 0 CONNECT tunnel://pagead2.googlesyndication.com:443/ - NONE/- - BLOCK_WEBCAT_12-INTERNET_ACCESS-VDI_USERS-NONE-NONE-NONE-NONE-NONE <"IW_adv",3.0,-,"-",-,-,-,-,"-",-,-,-,"-",-,-,"-","-",-,-,"IW_adv",-,"-","Advertisements","-","Unknown","Unknown","-","-",0.00,0,-,"-","-",-,"-",-,-,"-","-",-,-,"-",-,-> - 2
10.16.1.241 <38>Jan 23 16:01:31 WEBIRONPORT.HASTINAPUR.RES TO-SYSLOG-SERVER: Info: 1706043686.523 6468 10.16.7.211 TCP_MISS/200 5882 CONNECT tunnel://a.clarity.ms:443/ - DIRECT/a.clarity.ms - DEFAULT_CASE_12-INTERNET_ACCESS-VDI_USERS-NONE-NONE-NONE-DefaultGroup-NONE <"IW_comp",3.0,1,"-",0,0,0,1,"-",-,-,-,"-",1,-,"-","-",-,-,"IW_comp",-,"-","Computers and Internet","-","Unknown","Unknown","-","-",7.28,0,-,"Unknown","-",1,"-",-,-,"-","-",-,1,"-",-,-> - 2
10.16.1.241 <38>Jan 23 16:01:31 WEBIRONPORT.HASTINAPUR.RES TO-SYSLOG-SERVER: Info: 1706043686.545 0 10.16.7.209 TCP_DENIED/403 0 CONNECT tunnel://googleads.g.doubleclick.net:443/ - NONE/- - BLOCK_WEBCAT_12-INTERNET_ACCESS-VDI_USERS-NONE-NONE-NONE-NONE-NONE <"IW_adv",5.5,-,"-",-,-,-,-,"-",-,-,-,"-",-,-,"-","-",-,-,"IW_adv",-,"-","Advertisements","-","Unknown","Unknown","-","-",0.00,0,-,"-","-",-,"-",-,-,"-","-",-,-,"-",-,-> - 2
10.16.1.241 <38>Jan 23 16:01:31 WEBIRONPORT.HASTINAPUR.RES TO-SYSLOG-SERVER: Info: 1706043686.550 0 10.16.7.209 TCP_DENIED/403 0 CONNECT tunnel://www.googleadservices.com:443/ - NONE/- - BLOCK_WEBCAT_12-INTERNET_ACCESS-VDI_USERS-NONE-NONE-NONE-NONE-NONE <"IW_adv",5.7,-,"-",-,-,-,-,"-",-,-,-,"-",-,-,"-","-",-,-,"IW_adv",-,"-","Advertisements","-","Unknown","Unknown","-","-",0.00,0,-,"-","-",-,"-",-,-,"-","-",-,-,"-",-,-> - 2
10.16.1.241 <38>Jan 23 16:01:31 WEBIRONPORT.HASTINAPUR.RES TO-SYSLOG-SERVER: Info: 1706043686.551 0 10.16.7.209 TCP_DENIED/403 0 CONNECT tunnel://pagead2.googlesyndication.com:443/ - NONE/- - BLOCK_WEBCAT_12-INTERNET_ACCESS-VDI_USERS-NONE-NONE-NONE-NONE-NONE <"IW_adv",3.0,-,"-",-,-,-,-,"-",-,-,-,"-",-,-,"-","-",-,-,"IW_adv",-,"-","Advertisements","-","Unknown","Unknown","-","-",0.00,0,-,"-","-",-,"-",-,-,"-","-",-,-,"-",-,-> - 2
10.16.1.241 <38>Jan 23 16:01:31 WEBIRONPORT.HASTINAPUR.RES TO-SYSLOG-SERVER: Info: 1706043686.711 4535 10.16.7.211 TCP_MISS/200 13275 CONNECT tunnel://video-weaver.sin01.hls.live-video.net:443/ - DIRECT/video-weaver.sin01.hls.live-video.net application/octet-stream DEFAULT_CASE_12-INTERNET_ACCESS-VDI_USERS-NONE-NONE-NONE-DefaultGroup-NONE <"IW_vid",3.0,1,"-",0,0,0,1,"-",-,-,-,"-",1,-,"-","-",-,-,"IW_vid",-,"-","Streaming Video","-","Unknown","Unknown","-","-",23.42,0,-,"Unknown","-",1,"-",-,-,"-","-",-,1,"-",-,-> - 2
10.16.1.241 <38>Jan 23 16:01:31 WEBIRONPORT.HASTINAPUR.RES TO-SYSLOG-SERVER: Info: 1706043687.043 0 10.16.7.209 TCP_DENIED/403 0 CONNECT tunnel://c.amazon-adsystem.com:443/ - NONE/- - BLOCK_WEBCAT_12-INTERNET_ACCESS-VDI_USERS-NONE-NONE-NONE-NONE-NONE <"IW_adv",3.0,-,"-",-,-,-,-,"-",-,-,-,"-",-,-,"-","-",-,-,"IW_adv",-,"-","Advertisements","-","Unknown","Unknown","-","-",0.00,0,-,"-","-",-,"-",-,-,"-","-",-,-,"-",-,-> - 2
10.16.1.241 <38>Jan 23 16:01:31 WEBIRONPORT.HASTINAPUR.RES TO-SYSLOG-SERVER: Info: 1706043687.065 0 10.16.7.207 TCP_DENIED/403 0 CONNECT tunnel://pubads.g.doubleclick.net:443/ - NONE/- - BLOCK_WEBCAT_12-INTERNET_ACCESS-VDI_USERS-NONE-NONE-NONE-NONE-NONE <"IW_adv",5.5,-,"-",-,-,-,-,"-",-,-,-,"-",-,-,"-","-",-,-,"IW_adv",-,"-","Advertisements","-","Unknown","Unknown","-","-",0.00,0,-,"-","-",-,"-",-,-,"-","-",-,-,"-",-,-> - 2
10.16.1.241 <38>Jan 23 16:01:31 WEBIRONPORT.HASTINAPUR.RES TO-SYSLOG-SERVER: Info: 1706043687.086 0 10.16.7.207 TCP_DENIED/403 0 CONNECT tunnel://pubads.g.doubleclick.net:443/ - NONE/- - BLOCK_WEBCAT_12-INTERNET_ACCESS-VDI_USERS-NONE-NONE-NONE-NONE-NONE <"IW_adv",5.5,-,"-",-,-,-,-,"-",-,-,-,"-",-,-,"-","-",-,-,"IW_adv",-,"-","Advertisements","-","Unknown","Unknown","-","-",0.00,0,-,"-","-",-,"-",-,-,"-","-",-,-,"-",-,-> - 2
10.16.1.241 <38>Jan 23 16:01:31 WEBIRONPORT.HASTINAPUR.RES TO-SYSLOG-SERVER: Info: 1706043687.089 240228 10.16.7.208 TCP_MISS/200 1948 CONNECT tunnel://content-autofill.googleapis.com:443/ - DIRECT/content-autofill.googleapis.com - DEFAULT_CASE_12-INTERNET_ACCESS-VDI_USERS-NONE-NONE-NONE-DefaultGroup-NONE <"IW_srch",3.0,1,"-",0,0,0,1,"-",-,-,-,"-",1,-,"-","-",-,-,"IW_srch",-,"-","Search Engines and Portals","-","Unknown","Unknown","-","-",0.06,0,-,"Unknown","-",1,"-",-,-,"-","-",-,1,"-",-,-> - 2
10.16.1.241 <38>Jan 23 16:01:31 WEBIRONPORT.HASTINAPUR.RES TO-SYSLOG-SERVER: Info: 1706043687.122 0 10.16.7.207 TCP_DENIED/403 0 CONNECT tunnel://pubads.g.doubleclick.net:443/ - NONE/- - BLOCK_WEBCAT_12-INTERNET_ACCESS-VDI_USERS-NONE-NONE-NONE-NONE-NONE <"IW_adv",5.5,-,"-",-,-,-,-,"-",-,-,-,"-",-,-,"-","-",-,-,"IW_adv",-,"-","Advertisements","-","Unknown","Unknown","-","-",0.00,0,-,"-","-",-,"-",-,-,"-","-",-,-,"-",-,-> - 2
10.16.1.241 <38>Jan 23 16:01:31 WEBIRONPORT.HASTINAPUR.RES TO-SYSLOG-SERVER: Info: 1706043687.124 0 10.16.7.207 TCP_DENIED/403 0 CONNECT tunnel://pubads.g.doubleclick.net:443/ - NONE/- - BLOCK_WEBCAT_12-INTERNET_ACCESS-VDI_USERS-NONE-NONE-NONE-NONE-NONE <"IW_adv",5.5,-,"-",-,-,-,-,"-",-,-,-,"-",-,-,"-","-",-,-,"IW_adv",-,"-","Advertisements","-","Unknown","Unknown","-","-",0.00,0,-,"-","-",-,"-",-,-,"-","-",-,-,"-",-,-> - 2
10.16.1.241 <38>Jan 23 16:01:31 WEBIRONPORT.HASTINAPUR.RES TO-SYSLOG-SERVER: Info: 1706043687.134 0 10.16.7.207 TCP_DENIED/403 0 CONNECT tunnel://pubads.g.doubleclick.net:443/ - NONE/- - BLOCK_WEBCAT_12-INTERNET_ACCESS-VDI_USERS-NONE-NONE-NONE-NONE-NONE <"IW_adv",5.5,-,"-",-,-,-,-,"-",-,-,-,"-",-,-,"-","-",-,-,"IW_adv",-,"-","Advertisements","-","Unknown","Unknown","-","-",0.00,0,-,"-","-",-,"-",-,-,"-","-",-,-,"-",-,-> - 2
10.16.1.241 <38>Jan 23 16:01:35 WEBIRONPORT.HASTINAPUR.RES TO-SYSLOG-SERVER: Info: 1706043684.116 0 10.16.7.207 TCP_DENIED/403 0 CONNECT tunnel://pagead2.googlesyndication.com:443/ - NONE/- - BLOCK_WEBCAT_12-INTERNET_ACCESS-VDI_USERS-NONE-NONE-NONE-NONE-NONE <"IW_adv",3.0,-,"-",-,-,-,-,"-",-,-,-,"-",-,-,"-","-",-,-,"IW_adv",-,"-","Advertisements","-","Unknown","Unknown","-","-",0.00,0,-,"-","-",-,"-",-,-,"-","-",-,-,"-",-,-> - 0
10.16.1.241 <38>Jan 23 16:01:35 WEBIRONPORT.HASTINAPUR.RES TO-SYSLOG-SERVER: Info: 1706043684.268 0 10.16.7.213 TCP_DENIED/403 0 CONNECT tunnel://stats.g.doubleclick.net:443/ - NONE/- - BLOCK_WEBCAT_12-INTERNET_ACCESS-VDI_USERS-NONE-NONE-NONE-NONE-NONE <"IW_adv",5.5,-,"-",-,-,-,-,"-",-,-,-,"-",-,-,"-","-",-,-,"IW_adv",-,"-","Advertisements","-","Unknown","Unknown","-","-",0.00,0,-,"-","-",-,"-",-,-,"-","-",-,-,"-",-,-> - 0
10.16.1.241 <38>Jan 23 16:01:35 WEBIRONPORT.HASTINAPUR.RES TO-SYSLOG-SERVER: Info: 1706043684.607 294027 10.16.7.211 TCP_MISS/200 6462 CONNECT tunnel://secure-gl.imrworldwide.com:443/ - DIRECT/secure-gl.imrworldwide.com - DEFAULT_CASE_12-INTERNET_ACCESS-VDI_USERS-NONE-NONE-NONE-DefaultGroup-NONE <"IW_busi",5.7,1,"-",0,0,0,1,"-",-,-,-,"-",1,-,"-","-",-,-,"IW_busi",-,"-","Business and Industry","-","Unknown","Unknown","-","-",0.18,0,-,"Unknown","-",1,"-",-,-,"-","-",-,1,"-",-,-> - 0
10.16.1.241 <38>Jan 23 16:01:35 WEBIRONPORT.HASTINAPUR.RES TO-SYSLOG-SERVER: Info: 1706043684.725 0 10.16.7.207 TCP_DENIED/403 0 CONNECT tunnel://s0.2mdn.net:443/ - NONE/- - BLOCK_WEBCAT_12-INTERNET_ACCESS-VDI_USERS-NONE-NONE-NONE-NONE-NONE <"IW_adv",3.7,-,"-",-,-,-,-,"-",-,-,-,"-",-,-,"-","-",-,-,"IW_adv",-,"-","Advertisements","-","Unknown","Unknown","-","-",0.00,0,-,"-","-",-,"-",-,-,"-","-",-,-,"-",-,-> - 0
10.16.1.241 <38>Jan 23 16:01:35 WEBIRONPORT.HASTINAPUR.RES TO-SYSLOG-SERVER: Info: 1706043685.096 0 10.16.7.213 TCP_DENIED/403 0 CONNECT tunnel://match.adsrvr.org:443/ - NONE/- - BLOCK_WEBCAT_12-INTERNET_ACCESS-VDI_USERS-NONE-NONE-NONE-NONE-NONE <"IW_adv",8.6,-,"-",-,-,-,-,"-",-,-,-,"-",-,-,"-","-",-,-,"IW_adv",-,"-","Advertisements","-","Unknown","Unknown","-","-",0.00,0,-,"-","-",-,"-",-,-,"-","-",-,-,"-",-,-> - 0
10.16.1.241 <38>Jan 23 16:01:35 WEBIRONPORT.HASTINAPUR.RES TO-SYSLOG-SERVER: Info: 1706043685.517 641573 10.16.7.208 TCP_MISS/200 2275 CONNECT tunnel://visitors.live:443/ - DIRECT/visitors.live - DEFAULT_CASE_12-INTERNET_ACCESS-VDI_USERS-NONE-NONE-NONE-DefaultGroup-NONE <"IW_infr",2.5,1,"-",0,0,0,1,"-",-,-,-,"-",1,-,"-","-",-,-,"IW_infr",-,"-","Infrastructure and Content Delivery Networks","-","Unknown","Unknown","-","-",0.03,0,-,"Unknown","-",1,"-",-,-,"-","-",-,1,"-",-,-> - 0
10.16.1.241 <38>Jan 23 16:01:35 WEBIRONPORT.HASTINAPUR.RES TO-SYSLOG-SERVER: Info: 1706043685.647 0 10.16.7.207 TCP_DENIED/403 0 CONNECT tunnel://pubads.g.doubleclick.net:443/ - NONE/- - BLOCK_WEBCAT_12-INTERNET_ACCESS-VDI_USERS-NONE-NONE-NONE-NONE-NONE <"IW_adv",5.5,-,"-",-,-,-,-,"-",-,-,-,"-",-,-,"-","-",-,-,"IW_adv",-,"-","Advertisements","-","Unknown","Unknown","-","-",0.00,0,-,"-","-",-,"-",-,-,"-","-",-,-,"-",-,-> - 0
10.16.1.241 <38>Jan 23 16:01:35 WEBIRONPORT.HASTINAPUR.RES TO-SYSLOG-SERVER: Info: 1706043686.316 151032 10.16.7.208 TCP_MISS/200 8904 CONNECT tunnel://unagi.amazon.in:443/ - DIRECT/unagi.amazon.in - DEFAULT_CASE_12-INTERNET_ACCESS-VDI_USERS-NONE-NONE-NONE-DefaultGroup-NONE <"IW_shop",4.7,1,"-",0,0,0,1,"-",-,-,-,"-",1,-,"-","-",-,-,"IW_shop",-,"-","Shopping","-","Unknown","Unknown","-","-",0.47,0,-,"Unknown","-",1,"-",-,-,"-","-",-,1,"-",-,-> - 0
10.16.1.241 <38>Jan 23 16:01:35 WEBIRONPORT.HASTINAPUR.RES TO-SYSLOG-SERVER: Info: 1706043686.503 0 10.16.7.207 TCP_DENIED/403 0 CONNECT tunnel://s0.2mdn.net:443/ - NONE/- - BLOCK_WEBCAT_12-INTERNET_ACCESS-VDI_USERS-NONE-NONE-NONE-NONE-NONE <"IW_adv",3.7,-,"-",-,-,-,-,"-",-,-,-,"-",-,-,"-","-",-,-,"IW_adv",-,"-","Advertisements","-","Unknown","Unknown","-","-",0.00,0,-,"-","-",-,"-",-,-,"-","-",-,-,"-",-,-> - 0
10.16.1.241 <38>Jan 23 16:01:35 WEBIRONPORT.HASTINAPUR.RES TO-SYSLOG-SERVER: Info: 1706043686.504 0 10.16.7.207 TCP_DENIED/403 0 CONNECT tunnel://pagead2.googlesyndication.com:443/ - NONE/- - BLOCK_WEBCAT_12-INTERNET_ACCESS-VDI_USERS-NONE-NONE-NONE-NONE-NONE <"IW_adv",3.0,-,"-",-,-,-,-,"-",-,-,-,"-",-,-,"-","-",-,-,"IW_adv",-,"-","Advertisements","-","Unknown","Unknown","-","-",0.00,0,-,"-","-",-,"-",-,-,"-","-",-,-,"-",-,-> - 0
10.16.1.241 <38>Jan 23 16:01:40 WEBIRONPORT.HASTINAPUR.RES TO-SYSLOG-SERVER: Info: 1706043697.103 0 10.16.7.207 TCP_DENIED/403 0 CONNECT tunnel://pagead2.googlesyndication.com:443/ - NONE/- - BLOCK_WEBCAT_12-INTERNET_ACCESS-VDI_USERS-NONE-NONE-NONE-NONE-NONE <"IW_adv",3.0,-,"-",-,-,-,-,"-",-,-,-,"-",-,-,"-","-",-,-,"IW_adv",-,"-","Advertisements","-","Unknown","Unknown","-","-",0.00,0,-,"-","-",-,"-",-,-,"-","-",-,-,"-",-,-> - 2
10.16.1.241 <38>Jan 23 16:01:40 WEBIRONPORT.HASTINAPUR.RES TO-SYSLOG-SERVER: Info: 1706043697.321 0 10.16.7.207 TCP_DENIED/403 0 CONNECT tunnel://pubads.g.doubleclick.net:443/ - NONE/- - BLOCK_WEBCAT_12-INTERNET_ACCESS-VDI_USERS-NONE-NONE-NONE-NONE-NONE <"IW_adv",5.5,-,"-",-,-,-,-,"-",-,-,-,"-",-,-,"-","-",-,-,"IW_adv",-,"-","Advertisements","-","Unknown","Unknown","-","-",0.00,0,-,"-","-",-,"-",-,-,"-","-",-,-,"-",-,-> - 2
10.16.1.241 <38>Jan 23 16:01:40 WEBIRONPORT.HASTINAPUR.RES TO-SYSLOG-SERVER: Info: 1706043697.392 0 10.16.7.207 TCP_DENIED/403 0 CONNECT tunnel://pubads.g.doubleclick.net:443/ - NONE/- - BLOCK_WEBCAT_12-INTERNET_ACCESS-VDI_USERS-NONE-NONE-NONE-NONE-NONE <"IW_adv",5.5,-,"-",-,-,-,-,"-",-,-,-,"-",-,-,"-","-",-,-,"IW_adv",-,"-","Advertisements","-","Unknown","Unknown","-","-",0.00,0,-,"-","-",-,"-",-,-,"-","-",-,-,"-",-,-> - 2
10.16.1.241 <38>Jan 23 16:01:40 WEBIRONPORT.HASTINAPUR.RES TO-SYSLOG-SERVER: Info: 1706043697.421 0 10.16.7.213 TCP_DENIED/403 0 CONNECT tunnel://googleads.g.doubleclick.net:443/ - NONE/- - BLOCK_WEBCAT_12-INTERNET_ACCESS-VDI_USERS-NONE-NONE-NONE-NONE-NONE <"IW_adv",5.5,-,"-",-,-,-,-,"-",-,-,-,"-",-,-,"-","-",-,-,"IW_adv",-,"-","Advertisements","-","Unknown","Unknown","-","-",0.00,0,-,"-","-",-,"-",-,-,"-","-",-,-,"-",-,-> - 2
10.16.1.241 <38>Jan 23 16:01:40 WEBIRONPORT.HASTINAPUR.RES TO-SYSLOG-SERVER: Info: 1706043697.480 0 10.16.7.207 TCP_DENIED/403 0 CONNECT tunnel://pubads.g.doubleclick.net:443/ - NONE/- - BLOCK_WEBCAT_12-INTERNET_ACCESS-VDI_USERS-NONE-NONE-NONE-NONE-NONE <"IW_adv",5.5,-,"-",-,-,-,-,"-",-,-,-,"-",-,-,"-","-",-,-,"IW_adv",-,"-","Advertisements","-","Unknown","Unknown","-","-",0.00,0,-,"-","-",-,"-",-,-,"-","-",-,-,"-",-,-> - 2
10.16.1.241 <38>Jan 23 16:01:40 WEBIRONPORT.HASTINAPUR.RES TO-SYSLOG-SERVER: Info: 1706043697.518 0 10.16.7.207 TCP_DENIED/403 0 CONNECT tunnel://pagead2.googlesyndication.com:443/ - NONE/- - BLOCK_WEBCAT_12-INTERNET_ACCESS-VDI_USERS-NONE-NONE-NONE-NONE-NONE <"IW_adv",3.0,-,"-",-,-,-,-,"-",-,-,-,"-",-,-,"-","-",-,-,"IW_adv",-,"-","Advertisements","-","Unknown","Unknown","-","-",0.00,0,-,"-","-",-,"-",-,-,"-","-",-,-,"-",-,-> - 2
10.16.1.241 <38>Jan 23 16:01:40 WEBIRONPORT.HASTINAPUR.RES TO-SYSLOG-SERVER: Info: 1706043697.538 0 10.16.7.207 TCP_DENIED/403 0 CONNECT tunnel://s0.2mdn.net:443/ - NONE/- - BLOCK_WEBCAT_12-INTERNET_ACCESS-VDI_USERS-NONE-NONE-NONE-NONE-NONE <"IW_adv",3.7,-,"-",-,-,-,-,"-",-,-,-,"-",-,-,"-","-",-,-,"IW_adv",-,"-","Advertisements","-","Unknown","Unknown","-","-",0.00,0,-,"-","-",-,"-",-,-,"-","-",-,-,"-",-,-> - 2
10.16.1.241 <38>Jan 23 16:01:40 WEBIRONPORT.HASTINAPUR.RES TO-SYSLOG-SERVER: Info: 1706043697.543 0 10.16.7.207 TCP_DENIED/403 0 CONNECT tunnel://pagead2.googlesyndication.com:443/ - NONE/- - BLOCK_WEBCAT_12-INTERNET_ACCESS-VDI_USERS-NONE-NONE-NONE-NONE-NONE <"IW_adv",3.0,-,"-",-,-,-,-,"-",-,-,-,"-",-,-,"-","-",-,-,"IW_adv",-,"-","Advertisements","-","Unknown","Unknown","-","-",0.00,0,-,"-","-",-,"-",-,-,"-","-",-,-,"-",-,-> - 2
10.16.1.241 <38>Jan 23 16:01:40 WEBIRONPORT.HASTINAPUR.RES TO-SYSLOG-SERVER: Info: 1706043697.557 0 10.16.7.207 TCP_DENIED/403 0 CONNECT tunnel://pagead2.googlesyndication.com:443/ - NONE/- - BLOCK_WEBCAT_12-INTERNET_ACCESS-VDI_USERS-NONE-NONE-NONE-NONE-NONE <"IW_adv",3.0,-,"-",-,-,-,-,"-",-,-,-,"-",-,-,"-","-",-,-,"IW_adv",-,"-","Advertisements","-","Unknown","Unknown","-","-",0.00,0,-,"-","-",-,"-",-,-,"-","-",-,-,"-",-,-> - 2
10.16.1.241 <38>Jan 23 16:01:46 WEBIRONPORT.HASTINAPUR.RES TO-SYSLOG-SERVER: Info: 1706043702.476 0 10.16.7.207 TCP_DENIED/403 0 CONNECT tunnel://pagead2.googlesyndication.com:443/ - NONE/- - BLOCK_WEBCAT_12-INTERNET_ACCESS-VDI_USERS-NONE-NONE-NONE-NONE-NONE <"IW_adv",3.0,-,"-",-,-,-,-,"-",-,-,-,"-",-,-,"-","-",-,-,"IW_adv",-,"-","Advertisements","-","Unknown","Unknown","-","-",0.00,0,-,"-","-",-,"-",-,-,"-","-",-,-,"-",-,-> - 2
10.16.1.241 <38>Jan 23 16:01:46 WEBIRONPORT.HASTINAPUR.RES TO-SYSLOG-SERVER: Info: 1706043702.501 0 10.16.7.207 TCP_DENIED/403 0 CONNECT tunnel://pagead2.googlesyndication.com:443/ - NONE/- - BLOCK_WEBCAT_12-INTERNET_ACCESS-VDI_USERS-NONE-NONE-NONE-NONE-NONE <"IW_adv",3.0,-,"-",-,-,-,-,"-",-,-,-,"-",-,-,"-","-",-,-,"IW_adv",-,"-","Advertisements","-","Unknown","Unknown","-","-",0.00,0,-,"-","-",-,"-",-,-,"-","-",-,-,"-",-,-> - 2
10.16.1.241 <38>Jan 23 16:01:46 WEBIRONPORT.HASTINAPUR.RES TO-SYSLOG-SERVER: Info: 1706043702.552 0 10.16.7.207 TCP_DENIED/403 0 CONNECT tunnel://s0.2mdn.net:443/ - NONE/- - BLOCK_WEBCAT_12-INTERNET_ACCESS-VDI_USERS-NONE-NONE-NONE-NONE-NONE <"IW_adv",3.7,-,"-",-,-,-,-,"-",-,-,-,"-",-,-,"-","-",-,-,"IW_adv",-,"-","Advertisements","-","Unknown","Unknown","-","-",0.00,0,-,"-","-",-,"-",-,-,"-","-",-,-,"-",-,-> - 2
10.16.1.241 <38>Jan 23 16:01:46 WEBIRONPORT.HASTINAPUR.RES TO-SYSLOG-SERVER: Info: 1706043702.580 0 10.16.7.207 TCP_DENIED/403 0 CONNECT tunnel://s0.2mdn.net:443/ - NONE/- - BLOCK_WEBCAT_12-INTERNET_ACCESS-VDI_USERS-NONE-NONE-NONE-NONE-NONE <"IW_adv",3.7,-,"-",-,-,-,-,"-",-,-,-,"-",-,-,"-","-",-,-,"IW_adv",-,"-","Advertisements","-","Unknown","Unknown","-","-",0.00,0,-,"-","-",-,"-",-,-,"-","-",-,-,"-",-,-> - 2
10.16.1.241 <38>Jan 23 16:01:46 WEBIRONPORT.HASTINAPUR.RES TO-SYSLOG-SERVER: Info: 1706043702.583 0 10.16.7.207 TCP_DENIED/403 0 CONNECT tunnel://pagead2.googlesyndication.com:443/ - NONE/- - BLOCK_WEBCAT_12-INTERNET_ACCESS-VDI_USERS-NONE-NONE-NONE-NONE-NONE <"IW_adv",3.0,-,"-",-,-,-,-,"-",-,-,-,"-",-,-,"-","-",-,-,"IW_adv",-,"-","Advertisements","-","Unknown","Unknown","-","-",0.00,0,-,"-","-",-,"-",-,-,"-","-",-,-,"-",-,-> - 2
10.16.1.241 <38>Jan 23 16:01:46 WEBIRONPORT.HASTINAPUR.RES TO-SYSLOG-SERVER: Info: 1706043702.813 0 10.16.7.207 TCP_DENIED/403 0 CONNECT tunnel://pubads.g.doubleclick.net:443/ - NONE/- - BLOCK_WEBCAT_12-INTERNET_ACCESS-VDI_USERS-NONE-NONE-NONE-NONE-NONE <"IW_adv",5.5,-,"-",-,-,-,-,"-",-,-,-,"-",-,-,"-","-",-,-,"IW_adv",-,"-","Advertisements","-","Unknown","Unknown","-","-",0.00,0,-,"-","-",-,"-",-,-,"-","-",-,-,"-",-,-> - 2
10.16.1.241 <38>Jan 23 16:01:46 WEBIRONPORT.HASTINAPUR.RES TO-SYSLOG-SERVER: Info: 1706043702.821 0 10.16.7.207 TCP_DENIED/403 0 CONNECT tunnel://pubads.g.doubleclick.net:443/ - NONE/- - BLOCK_WEBCAT_12-INTERNET_ACCESS-VDI_USERS-NONE-NONE-NONE-NONE-NONE <"IW_adv",5.5,-,"-",-,-,-,-,"-",-,-,-,"-",-,-,"-","-",-,-,"IW_adv",-,"-","Advertisements","-","Unknown","Unknown","-","-",0.00,0,-,"-","-",-,"-",-,-,"-","-",-,-,"-",-,-> - 2
10.16.1.241 <38>Jan 23 16:01:46 WEBIRONPORT.HASTINAPUR.RES TO-SYSLOG-SERVER: Info: 1706043702.848 0 10.16.7.207 TCP_DENIED/403 0 CONNECT tunnel://pubads.g.doubleclick.net:443/ - NONE/- - BLOCK_WEBCAT_12-INTERNET_ACCESS-VDI_USERS-NONE-NONE-NONE-NONE-NONE <"IW_adv",5.5,-,"-",-,-,-,-,"-",-,-,-,"-",-,-,"-","-",-,-,"IW_adv",-,"-","Advertisements","-","Unknown","Unknown","-","-",0.00,0,-,"-","-",-,"-",-,-,"-","-",-,-,"-",-,-> - 2
10.16.1.241 <38>Jan 23 16:01:46 WEBIRONPORT.HASTINAPUR.RES TO-SYSLOG-SERVER: Info: 1706043702.885 0 10.16.7.207 TCP_DENIED/403 0 CONNECT tunnel://s0.2mdn.net:443/ - NONE/- - BLOCK_WEBCAT_12-INTERNET_ACCESS-VDI_USERS-NONE-NONE-NONE-NONE-NONE <"IW_adv",3.7,-,"-",-,-,-,-,"-",-,-,-,"-",-,-,"-","-",-,-,"IW_adv",-,"-","Advertisements","-","Unknown","Unknown","-","-",0.00,0,-,"-","-",-,"-",-,-,"-","-",-,-,"-",-,-> - 2
10.16.1.241 <38>Jan 23 16:01:46 WEBIRONPORT.HASTINAPUR.RES TO-SYSLOG-SERVER: Info: 1706043702.887 0 10.16.7.207 TCP_DENIED/403 0 CONNECT tunnel://pagead2.googlesyndication.com:443/ - NONE/- - BLOCK_WEBCAT_12-INTERNET_ACCESS-VDI_USERS-NONE-NONE-NONE-NONE-NONE <"IW_adv",3.0,-,"-",-,-,-,-,"-",-,-,-,"-",-,-,"-","-",-,-,"IW_adv",-,"-","Advertisements","-","Unknown","Unknown","-","-",0.00,0,-,"-","-",-,"-",-,-,"-","-",-,-,"-",-,-> - 2
10.16.1.241 <38>Jan 23 16:01:46 WEBIRONPORT.HASTINAPUR.RES TO-SYSLOG-SERVER: Info: 1706043702.923 0 10.16.7.207 TCP_DENIED/403 0 CONNECT tunnel://pubads.g.doubleclick.net:443/ - NONE/- - BLOCK_WEBCAT_12-INTERNET_ACCESS-VDI_USERS-NONE-NONE-NONE-NONE-NONE <"IW_adv",5.5,-,"-",-,-,-,-,"-",-,-,-,"-",-,-,"-","-",-,-,"IW_adv",-,"-","Advertisements","-","Unknown","Unknown","-","-",0.00,0,-,"-","-",-,"-",-,-,"-","-",-,-,"-",-,-> - 2
10.16.1.241 <38>Jan 23 16:01:46 WEBIRONPORT.HASTINAPUR.RES TO-SYSLOG-SERVER: Info: 1706043702.924 0 10.16.7.207 TCP_DENIED/403 0 CONNECT tunnel://pagead2.googlesyndication.com:443/ - NONE/- - BLOCK_WEBCAT_12-INTERNET_ACCESS-VDI_USERS-NONE-NONE-NONE-NONE-NONE <"IW_adv",3.0,-,"-",-,-,-,-,"-",-,-,-,"-",-,-,"-","-",-,-,"IW_adv",-,"-","Advertisements","-","Unknown","Unknown","-","-",0.00,0,-,"-","-",-,"-",-,-,"-","-",-,-,"-",-,-> - 2
10.16.1.241 <38>Jan 23 16:01:46 WEBIRONPORT.HASTINAPUR.RES TO-SYSLOG-SERVER: Info: 1706043702.933 0 10.16.7.207 TCP_DENIED/403 0 CONNECT tunnel://pubads.g.doubleclick.net:443/ - NONE/- - BLOCK_WEBCAT_12-INTERNET_ACCESS-VDI_USERS-NONE-NONE-NONE-NONE-NONE <"IW_adv",5.5,-,"-",-,-,-,-,"-",-,-,-,"-",-,-,"-","-",-,-,"IW_adv",-,"-","Advertisements","-","Unknown","Unknown","-","-",0.00,0,-,"-","-",-,"-",-,-,"-","-",-,-,"-",-,-> - 2
10.16.1.241 <38>Jan 23 16:01:46 WEBIRONPORT.HASTINAPUR.RES TO-SYSLOG-SERVER: Info: 1706043702.945 0 10.16.32.84 TCP_DENIED/403 0 CONNECT tunnel://play.google.com:443/ - NONE/- - BLOCK_CUSTOMCAT_12-INTERNET_ACCESS-RCI_USERS-NONE-NONE-NONE-NONE-NONE <"C_Bloc",-,-,"-",-,-,-,-,"-",-,-,-,"-",-,-,"-","-",-,-,"-",-,"-","-","-","-","-","-","-",0.00,0,-,"-","-",-,"-",-,-,"-","-",-,-,"-",-,-> - 2
10.16.1.241 <38>Jan 23 16:01:46 WEBIRONPORT.HASTINAPUR.RES TO-SYSLOG-SERVER: Info: 1706043703.124 27235 10.16.41.6 TCP_MISS/200 2741 CONNECT tunnel://horizconn7.hastinapur.res:443/ - DIRECT/horizconn7.hastinapur.res - DEFAULT_CASE_12-DefaultGroup-BLOCK_UNAUTHORISED_USERS-NONE-NONE-NONE-DefaultGroup-NONE <"nc",ns,1,"-",0,0,0,1,"-",-,-,-,"-",1,-,"-","-",-,-,"nc",-,"-","-","-","Unknown","Unknown","-","-",0.81,0,-,"Unknown","-",1,"-",-,-,"-","-",-,1,"-",-,-> - 2
10.16.1.241 <38>Jan 23 16:01:51 WEBIRONPORT.HASTINAPUR.RES TO-SYSLOG-SERVER: Info: 1706043705.938 71 10.16.7.209 TCP_CLIENT_REFRESH_MISS/200 855 POST http://ocsp.digicert.com/ - DIRECT/ocsp.digicert.com application/octet-stream DEFAULT_CASE_12-INTERNET_ACCESS-VDI_USERS-NONE-NONE-NONE-DefaultGroup-NONE <"IW_csec",4.1,1,"-",0,0,0,1,"-",-,-,-,"-",0,0,"-","-",-,-,"IW_csec",-,"Unknown","Computer Security","-","Unknown","Unknown","-","-",96.34,0,-,"Unknown","-",0,"-",0,0,"-","2be1dc75288d4877e05ea4b2f0f432d5e5f423cdea7db4d5b505f69f9c373978",4,-,"-",-,-> - 2
10.16.1.241 <38>Jan 23 16:01:51 WEBIRONPORT.HASTINAPUR.RES TO-SYSLOG-SERVER: Info: 1706043706.056 182 10.16.7.209 TCP_CLIENT_REFRESH_MISS/200 855 POST http://ocsp.digicert.com/ - DIRECT/ocsp.digicert.com application/octet-stream DEFAULT_CASE_12-INTERNET_ACCESS-VDI_USERS-NONE-NONE-NONE-DefaultGroup-NONE <"IW_csec",4.1,1,"-",0,0,0,1,"-",-,-,-,"-",0,0,"-","-",-,-,"IW_csec",-,"Unknown","Computer Security","-","Unknown","Unknown","-","-",37.58,0,-,"Unknown","-",0,"-",0,0,"-","2be1dc75288d4877e05ea4b2f0f432d5e5f423cdea7db4d5b505f69f9c373978",4,-,"-",-,-> - 2
10.16.1.241 <38>Jan 23 16:01:51 WEBIRONPORT.HASTINAPUR.RES TO-SYSLOG-SERVER: Info: 1706043706.079 248 10.16.7.209 TCP_MISS/200 4898 CONNECT tunnel://aus5.mozilla.org:443/ - DIRECT/aus5.mozilla.org - DEFAULT_CASE_12-INTERNET_ACCESS-VDI_USERS-NONE-NONE-NONE-DefaultGroup-NONE <"IW_comp",4.7,1,"-",0,0,0,1,"-",-,-,-,"-",1,-,"-","-",-,-,"IW_comp",-,"-","Computers and Internet","-","Unknown","Unknown","-","-",158.00,0,-,"Unknown","-",1,"-",-,-,"-","-",-,1,"-",-,-> - 2
10.16.1.241 <38>Jan 23 16:01:51 WEBIRONPORT.HASTINAPUR.RES TO-SYSLOG-SERVER: Info: 1706043706.097 264 10.16.7.209 TCP_MISS/200 4267 CONNECT tunnel://aus5.mozilla.org:443/ - DIRECT/aus5.mozilla.org application/octet-stream DEFAULT_CASE_12-INTERNET_ACCESS-VDI_USERS-NONE-NONE-NONE-DefaultGroup-NONE <"IW_comp",4.7,1,"-",0,0,0,1,"-",-,-,-,"-",1,-,"-","-",-,-,"IW_comp",-,"-","Computers and Internet","-","Unknown","Unknown","-","-",129.30,0,-,"Unknown","-",1,"-",-,-,"-","-",-,1,"-",-,-> - 2
10.16.1.241 <38>Jan 23 16:01:51 WEBIRONPORT.HASTINAPUR.RES TO-SYSLOG-SERVER: Info: 1706043706.258 0 10.16.7.209 TCP_DENIED/403 0 CONNECT tunnel://snap.licdn.com:443/ - NONE/- - BLOCK_WEBCAT_12-INTERNET_ACCESS-VDI_USERS-NONE-NONE-NONE-NONE-NONE <"IW_pnet",3.0,-,"-",-,-,-,-,"-",-,-,-,"-",-,-,"-","-",-,-,"IW_pnet",-,"-","Professional Networking","-","Unknown","Unknown","-","-",0.00,0,-,"-","-",-,"-",-,-,"-","-",-,-,"-",-,-> - 2
10.16.1.241 <38>Jan 23 16:01:51 WEBIRONPORT.HASTINAPUR.RES TO-SYSLOG-SERVER: Info: 1706043706.276 0 10.16.7.209 TCP_DENIED/403 0 CONNECT tunnel://connect.facebook.net:443/ - NONE/- - BLOCK_WEBCAT_12-INTERNET_ACCESS-VDI_USERS-NONE-NONE-NONE-NONE-NONE <"IW_snet",9.1,-,"-",-,-,-,-,"-",-,-,-,"-",-,-,"-","-",-,-,"IW_snet",-,"-","Social Networking","-","Unknown","Unknown","-","-",0.00,0,-,"-","-",-,"-",-,-,"-","-",-,-,"-",-,-> - 2
10.16.1.241 <38>Jan 23 16:01:51 WEBIRONPORT.HASTINAPUR.RES TO-SYSLOG-SERVER: Info: 1706043706.427 0 10.16.7.207 TCP_DENIED/403 0 CONNECT tunnel://pubads.g.doubleclick.net:443/ - NONE/- - BLOCK_WEBCAT_12-INTERNET_ACCESS-VDI_USERS-NONE-NONE-NONE-NONE-NONE <"IW_adv",5.5,-,"-",-,-,-,-,"-",-,-,-,"-",-,-,"-","-",-,-,"IW_adv",-,"-","Advertisements","-","Unknown","Unknown","-","-",0.00,0,-,"-","-",-,"-",-,-,"-","-",-,-,"-",-,-> - 2
10.16.1.241 <38>Jan 23 16:01:51 WEBIRONPORT.HASTINAPUR.RES TO-SYSLOG-SERVER: Info: 1706043706.445 0 10.16.7.207 TCP_DENIED/403 0 CONNECT tunnel://pubads.g.doubleclick.net:443/ - NONE/- - BLOCK_WEBCAT_12-INTERNET_ACCESS-VDI_USERS-NONE-NONE-NONE-NONE-NONE <"IW_adv",5.5,-,"-",-,-,-,-,"-",-,-,-,"-",-,-,"-","-",-,-,"IW_adv",-,"-","Advertisements","-","Unknown","Unknown","-","-",0.00,0,-,"-","-",-,"-",-,-,"-","-",-,-,"-",-,-> - 2
10.16.1.241 <38>Jan 23 16:01:51 WEBIRONPORT.HASTINAPUR.RES TO-SYSLOG-SERVER: Info: 1706043706.493 0 10.16.7.209 TCP_DENIED/403 0 CONNECT tunnel://googleads.g.doubleclick.net:443/ - NONE/- - BLOCK_WEBCAT_12-INTERNET_ACCESS-VDI_USERS-NONE-NONE-NONE-NONE-NONE <"IW_adv",5.5,-,"-",-,-,-,-,"-",-,-,-,"-",-,-,"-","-",-,-,"IW_adv",-,"-","Advertisements","-","Unknown","Unknown","-","-",0.00,0,-,"-","-",-,"-",-,-,"-","-",-,-,"-",-,-> - 2
10.16.1.241 <38>Jan 23 16:01:51 WEBIRONPORT.HASTINAPUR.RES TO-SYSLOG-SERVER: Info: 1706043706.538 0 10.16.7.209 TCP_DENIED/403 0 CONNECT tunnel://googleads.g.doubleclick.net:443/ - NONE/- - BLOCK_WEBCAT_12-INTERNET_ACCESS-VDI_USERS-NONE-NONE-NONE-NONE-NONE <"IW_adv",5.5,-,"-",-,-,-,-,"-",-,-,-,"-",-,-,"-","-",-,-,"IW_adv",-,"-","Advertisements","-","Unknown","Unknown","-","-",0.00,0,-,"-","-",-,"-",-,-,"-","-",-,-,"-",-,-> - 2
10.16.1.241 <38>Jan 23 16:01:51 WEBIRONPORT.HASTINAPUR.RES TO-SYSLOG-SERVER: Info: 1706043706.548 0 10.16.7.207 TCP_DENIED/403 0 CONNECT tunnel://pagead2.googlesyndication.com:443/ - NONE/- - BLOCK_WEBCAT_12-INTERNET_ACCESS-VDI_USERS-NONE-NONE-NONE-NONE-NONE <"IW_adv",3.0,-,"-",-,-,-,-,"-",-,-,-,"-",-,-,"-","-",-,-,"IW_adv",-,"-","Advertisements","-","Unknown","Unknown","-","-",0.00,0,-,"-","-",-,"-",-,-,"-","-",-,-,"-",-,-> - 2
10.16.1.241 <38>Jan 23 16:01:51 WEBIRONPORT.HASTINAPUR.RES TO-SYSLOG-SERVER: Info: 1706043706.555 0 10.16.7.207 TCP_DENIED/403 0 CONNECT tunnel://pubads.g.doubleclick.net:443/ - NONE/- - BLOCK_WEBCAT_12-INTERNET_ACCESS-VDI_USERS-NONE-NONE-NONE-NONE-NONE <"IW_adv",5.5,-,"-",-,-,-,-,"-",-,-,-,"-",-,-,"-","-",-,-,"IW_adv",-,"-","Advertisements","-","Unknown","Unknown","-","-",0.00,0,-,"-","-",-,"-",-,-,"-","-",-,-,"-",-,-> - 2
10.16.1.241 <38>Jan 23 16:01:56 WEBIRONPORT.HASTINAPUR.RES TO-SYSLOG-SERVER: Info: 1706043708.350 0 10.16.7.207 TCP_DENIED/403 0 CONNECT tunnel://pagead2.googlesyndication.com:443/ - NONE/- - BLOCK_WEBCAT_12-INTERNET_ACCESS-VDI_USERS-NONE-NONE-NONE-NONE-NONE <"IW_adv",3.0,-,"-",-,-,-,-,"-",-,-,-,"-",-,-,"-","-",-,-,"IW_adv",-,"-","Advertisements","-","Unknown","Unknown","-","-",0.00,0,-,"-","-",-,"-",-,-,"-","-",-,-,"-",-,-> - 1
10.16.1.241 <38>Jan 23 16:01:56 WEBIRONPORT.HASTINAPUR.RES TO-SYSLOG-SERVER: Info: 1706043708.357 0 10.16.7.207 TCP_DENIED/403 0 CONNECT tunnel://pagead2.googlesyndication.com:443/ - NONE/- - BLOCK_WEBCAT_12-INTERNET_ACCESS-VDI_USERS-NONE-NONE-NONE-NONE-NONE <"IW_adv",3.0,-,"-",-,-,-,-,"-",-,-,-,"-",-,-,"-","-",-,-,"IW_adv",-,"-","Advertisements","-","Unknown","Unknown","-","-",0.00,0,-,"-","-",-,"-",-,-,"-","-",-,-,"-",-,-> - 1
10.16.1.241 <38>Jan 23 16:02:22 WEBIRONPORT.HASTINAPUR.RES TO-SYSLOG-SERVER: Info: 1706043737.638 0 10.16.6.141 TCP_DENIED/403 0 CONNECT tunnel://play.google.com:443/ - NONE/- - BLOCK_CUSTOMCAT_12-INTERNET_ACCESS-RCI_USERS-NONE-NONE-NONE-NONE-NONE <"C_Bloc",-,-,"-",-,-,-,-,"-",-,-,-,"-",-,-,"-","-",-,-,"-",-,"-","-","-","-","-","-","-",0.00,0,-,"-","-",-,"-",-,-,"-","-",-,-,"-",-,-> - 1
10.16.1.241 <38>Jan 23 16:02:22 WEBIRONPORT.HASTINAPUR.RES TO-SYSLOG-SERVER: Info: 1706043737.648 240121 10.16.7.208 TCP_MISS/200 6866 CONNECT tunnel://maps.gstatic.com:443/ - DIRECT/maps.gstatic.com - DEFAULT_CASE_12-INTERNET_ACCESS-VDI_USERS-NONE-NONE-NONE-DefaultGroup-NONE <"IW_ref",8.9,1,"-",0,0,0,1,"-",-,-,-,"-",1,-,"-","-",-,-,"IW_ref",-,"-","Reference","-","Unknown","Unknown","-","-",0.23,0,-,"Unknown","-",1,"-",-,-,"-","-",-,1,"-",-,-> - 1
10.16.1.241 <38>Jan 23 16:02:51 WEBIRONPORT.HASTINAPUR.RES TO-SYSLOG-SERVER: Info: 1706043765.182 0 10.16.7.209 TCP_DENIED/403 0 CONNECT tunnel://play.google.com:443/ - NONE/- - BLOCK_CUSTOMCAT_12-INTERNET_ACCESS-VDI_USERS-NONE-NONE-NONE-NONE-NONE <"C_Bloc",-,-,"-",-,-,-,-,"-",-,-,-,"-",-,-,"-","-",-,-,"-",-,"-","-","-","-","-","-","-",0.00,0,-,"-","-",-,"-",-,-,"-","-",-,-,"-",-,-> - 1
10.16.1.241 <38>Jan 23 16:03:25 WEBIRONPORT.HASTINAPUR.RES TO-SYSLOG-SERVER: Info: 1706043795.672 0 10.16.7.217 TCP_DENIED/403 0 CONNECT tunnel://js.hs-banner.com:443/ - NONE/- - BLOCK_WEBCAT_12-INTERNET_ACCESS-VDI_USERS-NONE-NONE-NONE-NONE-NONE <"IW_adv",3.0,-,"-",-,-,-,-,"-",-,-,-,"-",-,-,"-","-",-,-,"IW_adv",-,"-","Advertisements","-","Unknown","Unknown","-","-",0.00,0,-,"-","-",-,"-",-,-,"-","-",-,-,"-",-,-> - 0
10.16.1.241 <38>Jan 23 16:04:20 WEBIRONPORT.HASTINAPUR.RES TO-SYSLOG-SERVER: Info: 1706043849.491 402 10.16.7.208 TCP_MISS/200 8852 CONNECT tunnel://images.boldsky.com:443/ - DIRECT/images.boldsky.com - DEFAULT_CASE_12-INTERNET_ACCESS-VDI_USERS-NONE-NONE-NONE-DefaultGroup-NONE <"IW_srch",3.0,1,"-",0,0,0,1,"-",-,-,-,"-",1,-,"-","-",-,-,"IW_srch",-,"-","Search Engines and Portals","-","Unknown","Unknown","-","-",176.16,0,-,"Unknown","-",1,"-",-,-,"-","-",-,1,"-",-,-> - 0
10.16.1.241 <38>Jan 23 16:04:47 WEBIRONPORT.HASTINAPUR.RES TO-SYSLOG-SERVER: Info: 1706043883.711 0 10.16.7.207 TCP_DENIED/403 0 CONNECT tunnel://pagead2.googlesyndication.com:443/ - NONE/- - BLOCK_WEBCAT_12-INTERNET_ACCESS-VDI_USERS-NONE-NONE-NONE-NONE-NONE <"IW_adv",3.0,-,"-",-,-,-,-,"-",-,-,-,"-",-,-,"-","-",-,-,"IW_adv",-,"-","Advertisements","-","Unknown","Unknown","-","-",0.00,0,-,"-","-",-,"-",-,-,"-","-",-,-,"-",-,-> - 2
10.16.1.241 <38>Jan 23 16:05:11 WEBIRONPORT.HASTINAPUR.RES TO-SYSLOG-SERVER: Info: 1706043903.069 0 10.16.7.207 TCP_DENIED/403 0 CONNECT tunnel://s0.2mdn.net:443/ - NONE/- - BLOCK_WEBCAT_12-INTERNET_ACCESS-VDI_USERS-NONE-NONE-NONE-NONE-NONE <"IW_adv",3.7,-,"-",-,-,-,-,"-",-,-,-,"-",-,-,"-","-",-,-,"IW_adv",-,"-","Advertisements","-","Unknown","Unknown","-","-",0.00,0,-,"-","-",-,"-",-,-,"-","-",-,-,"-",-,-> - 0
10.16.1.241 <38>Jan 23 16:05:38 WEBIRONPORT.HASTINAPUR.RES TO-SYSLOG-SERVER: Info: 1706043934.235 115223 10.16.7.207 TCP_MISS/200 7097 CONNECT tunnel://chimpstatic.com:443/ - DIRECT/chimpstatic.com - DEFAULT_CASE_12-INTERNET_ACCESS-VDI_USERS-NONE-NONE-NONE-DefaultGroup-NONE <"IW_infr",3.0,1,"-",0,0,0,1,"-",-,-,-,"-",1,-,"-","-",-,-,"IW_infr",-,"-","Infrastructure and Content Delivery Networks","-","Unknown","Unknown","-","-",0.49,0,-,"Unknown","-",1,"-",-,-,"-","-",-,1,"-",-,-> - 1
10.16.1.241 <38>Jan 23 16:06:12 WEBIRONPORT.HASTINAPUR.RES TO-SYSLOG-SERVER: Info: 1706043962.917 60 10.16.7.211 TCP_MISS/200 4528 CONNECT tunnel://fonts.gstatic.com:443/ - DIRECT/fonts.gstatic.com application/octet-stream DEFAULT_CASE_12-INTERNET_ACCESS-VDI_USERS-NONE-NONE-NONE-DefaultGroup-NONE <"IW_infr",4.7,1,"-",0,0,0,1,"-",-,-,-,"-",1,-,"-","-",-,-,"IW_infr",-,"-","Infrastructure and Content Delivery Networks","-","Unknown","Unknown","-","-",603.73,0,-,"Unknown","-",1,"-",-,-,"-","-",-,1,"-",-,-> - 1
10.16.1.241 <38>Jan 23 16:06:31 WEBIRONPORT.HASTINAPUR.RES TO-SYSLOG-SERVER: Info: 1706043982.067 37 10.16.7.207 TCP_MISS/200 39 CONNECT tunnel://cdn4-hbs.affinitymatrix.com:443/ - DIRECT/cdn4-hbs.affinitymatrix.com - DEFAULT_CASE_12-INTERNET_ACCESS-VDI_USERS-NONE-NONE-NONE-DefaultGroup-NONE <"IW_infr",3.0,0,"-",0,0,0,-,"-",-,-,-,"-",-,-,"-","-",-,-,"IW_infr",-,"-","Infrastructure and Content Delivery Networks","-","Unknown","Unknown","-","-",8.43,0,-,"Unknown","-",-,"-",-,-,"-","-",-,-,"-",-,-> - 2
10.16.1.241 <38>Jan 23 16:06:57 WEBIRONPORT.HASTINAPUR.RES TO-SYSLOG-SERVER: Info: 1706044010.149 0 10.16.32.126 TCP_DENIED/403 0 CONNECT tunnel://play.google.com:443/ - NONE/- - BLOCK_CUSTOMCAT_12-INTERNET_ACCESS-RCI_USERS-NONE-NONE-NONE-NONE-NONE <"C_Bloc",-,-,"-",-,-,-,-,"-",-,-,-,"-",-,-,"-","-",-,-,"-",-,"-","-","-","-","-","-","-",0.00,0,-,"-","-",-,"-",-,-,"-","-",-,-,"-",-,-> - 2
10.16.1.241 <38>Jan 23 16:07:20 WEBIRONPORT.HASTINAPUR.RES TO-SYSLOG-SERVER: Info: 1706044033.358 0 10.16.7.211 TCP_DENIED/403 0 CONNECT tunnel://play.google.com:443/ - NONE/- - BLOCK_CUSTOMCAT_12-INTERNET_ACCESS-VDI_USERS-NONE-NONE-NONE-NONE-NONE <"C_Bloc",-,-,"-",-,-,-,-,"-",-,-,-,"-",-,-,"-","-",-,-,"-",-,"-","-","-","-","-","-","-",0.00,0,-,"-","-",-,"-",-,-,"-","-",-,-,"-",-,-> - 1
10.16.1.241 <38>Jan 23 16:07:31 WEBIRONPORT.HASTINAPUR.RES TO-SYSLOG-SERVER: Info: 1706044041.361 0 10.16.41.83 TCP_DENIED/403 0 CONNECT tunnel://clients5.google.com:443/ - NONE/- - BLOCK_WEBCAT_12-BLOCK_UNAUTHORISED_USERS-BLOCK_UNAUTHORISED_USERS-NONE-NONE-NONE-NONE-NONE <"IW_srch",6.3,-,"-",-,-,-,-,"-",-,-,-,"-",-,-,"-","-",-,-,"IW_srch",-,"-","Search Engines and Portals","-","Unknown","Unknown","-","-",0.00,0,-,"-","-",-,"-",-,-,"-","-",-,-,"-",-,-> - 2
10.16.1.241 <38>Jan 23 16:07:53 WEBIRONPORT.HASTINAPUR.RES TO-SYSLOG-SERVER: Info: 1706044065.539 305 10.16.7.209 TCP_MISS/200 11272 CONNECT tunnel://r6---sn-gwpa-civl.googlevideo.com:443/ - DIRECT/r6---sn-gwpa-civl.googlevideo.com - DEFAULT_CASE_12-INTERNET_ACCESS-VDI_USERS-NONE-NONE-NONE-DefaultGroup-NONE <"IW_vid",4.7,1,"-",0,0,0,1,"-",-,-,-,"-",1,-,"-","-",-,-,"IW_vid",-,"-","Streaming Video","-","Unknown","Unknown","-","-",295.66,0,-,"Unknown","-",1,"-",-,-,"-","-",-,1,"-",-,-> - 1
10.16.1.241 <38>Jan 23 16:08:12 WEBIRONPORT.HASTINAPUR.RES TO-SYSLOG-SERVER: Info: 1706044089.171 81426 10.16.7.207 TCP_MISS/200 3148994 CONNECT tunnel://www.sakshi.com:443/ - DIRECT/www.sakshi.com - DEFAULT_CASE_12-INTERNET_ACCESS-VDI_USERS-NONE-NONE-NONE-DefaultGroup-NONE <"IW_news",3.0,1,"-",0,0,0,1,"-",-,-,-,"-",1,-,"-","-",-,-,"IW_news",-,"-","News","-","Unknown","Unknown","-","-",309.38,0,-,"Unknown","-",1,"-",-,-,"-","-",-,1,"-",-,-> - 1
10.16.1.241 <38>Jan 23 16:08:17 WEBIRONPORT.HASTINAPUR.RES TO-SYSLOG-SERVER: Info: 1706044092.805 268 10.16.7.207 TCP_MISS/200 39 CONNECT tunnel://track1.aniview.com:443/ - DIRECT/track1.aniview.com - DEFAULT_CASE_12-INTERNET_ACCESS-VDI_USERS-NONE-NONE-NONE-DefaultGroup-NONE <"IW_busi",3.0,0,"-",0,0,0,-,"-",-,-,-,"-",-,-,"-","-",-,-,"IW_busi",-,"-","Business and Industry","-","Unknown","Unknown","-","-",1.16,0,-,"Unknown","-",-,"-",-,-,"-","-",-,-,"-",-,-> - 1
10.16.1.241 <38>Jan 23 16:08:17 WEBIRONPORT.HASTINAPUR.RES TO-SYSLOG-SERVER: Info: 1706044092.949 0 10.16.7.211 TCP_DENIED/403 0 CONNECT tunnel://pagead2.googlesyndication.com:443/ - NONE/- - BLOCK_WEBCAT_12-INTERNET_ACCESS-VDI_USERS-NONE-NONE-NONE-NONE-NONE <"IW_adv",3.0,-,"-",-,-,-,-,"-",-,-,-,"-",-,-,"-","-",-,-,"IW_adv",-,"-","Advertisements","-","Unknown","Unknown","-","-",0.00,0,-,"-","-",-,"-",-,-,"-","-",-,-,"-",-,-> - 1
10.16.1.241 <38>Jan 23 16:08:23 WEBIRONPORT.HASTINAPUR.RES TO-SYSLOG-SERVER: Info: 1706044100.604 0 10.16.7.211 TCP_DENIED/403 0 CONNECT tunnel://s0.2mdn.net:443/ - NONE/- - BLOCK_WEBCAT_12-INTERNET_ACCESS-VDI_USERS-NONE-NONE-NONE-NONE-NONE <"IW_adv",3.7,-,"-",-,-,-,-,"-",-,-,-,"-",-,-,"-","-",-,-,"IW_adv",-,"-","Advertisements","-","Unknown","Unknown","-","-",0.00,0,-,"-","-",-,"-",-,-,"-","-",-,-,"-",-,-> - 2
10.16.1.241 <38>Jan 23 16:08:23 WEBIRONPORT.HASTINAPUR.RES TO-SYSLOG-SERVER: Info: 1706044100.711 0 10.16.7.207 TCP_DENIED/403 0 CONNECT tunnel://pubads.g.doubleclick.net:443/ - NONE/- - BLOCK_WEBCAT_12-INTERNET_ACCESS-VDI_USERS-NONE-NONE-NONE-NONE-NONE <"IW_adv",5.5,-,"-",-,-,-,-,"-",-,-,-,"-",-,-,"-","-",-,-,"IW_adv",-,"-","Advertisements","-","Unknown","Unknown","-","-",0.00,0,-,"-","-",-,"-",-,-,"-","-",-,-,"-",-,-> - 2
10.16.1.241 <38>Jan 23 16:08:27 WEBIRONPORT.HASTINAPUR.RES TO-SYSLOG-SERVER: Info: 1706044102.158 182997 10.16.7.207 TCP_MISS/200 13558 CONNECT tunnel://www.google.com:443/ - DIRECT/www.google.com - DEFAULT_CASE_12-INTERNET_ACCESS-VDI_USERS-NONE-NONE-NONE-DefaultGroup-NONE <"IW_srch",6.3,1,"-",0,0,0,1,"-",-,-,-,"-",1,-,"-","-",-,-,"IW_srch",-,"-","Search Engines and Portals","-","Unknown","Unknown","-","-",0.59,0,-,"Unknown","-",1,"-",-,-,"-","-",-,1,"-",-,-> - 2
10.16.1.241 <38>Jan 23 16:08:27 WEBIRONPORT.HASTINAPUR.RES TO-SYSLOG-SERVER: Info: 1706044102.360 378025 10.16.7.217 TCP_MISS/200 682 CONNECT tunnel://realtimeeventfeeds.viafoura.co:443/ - DIRECT/realtimeeventfeeds.viafoura.co - DEFAULT_CASE_12-INTERNET_ACCESS-VDI_USERS-NONE-NONE-NONE-DefaultGroup-NONE <"IW_comp",3.0,1,"-",0,0,0,1,"-",-,-,-,"-",1,-,"-","-",-,-,"IW_comp",-,"-","Computers and Internet","-","Unknown","Unknown","-","-",0.01,0,-,"Unknown","-",1,"-",-,-,"-","-",-,1,"-",-,-> - 2
10.16.1.241 <38>Jan 23 16:08:27 WEBIRONPORT.HASTINAPUR.RES TO-SYSLOG-SERVER: Info: 1706044102.446 2 10.16.32.84 TCP_DENIED/403 0 GET http://ctldl.windowsupdate.com/msdownload/update/v3/static/trustedr/en/disallowedcertstl.cab?6ba9a95be8455a83 - NONE/- - BLOCK_WEBCAT_12-INTERNET_ACCESS-RCI_USERS-NONE-NONE-NONE-NONE-NONE <"IW_swup",8.7,-,"-",-,-,-,-,"-",-,-,-,"-",-,-,"-","-",-,-,"IW_swup",-,"-","Software Updates","-","Unknown","Unknown","-","-",0.00,0,-,"-","-",-,"-",-,-,"-","-",-,-,"-",-,-> - 2
10.16.1.241 <38>Jan 23 16:08:34 WEBIRONPORT.HASTINAPUR.RES TO-SYSLOG-SERVER: Info: 1706044106.495 0 10.16.7.211 TCP_DENIED/403 0 CONNECT tunnel://pagead2.googlesyndication.com:443/ - NONE/- - BLOCK_WEBCAT_12-INTERNET_ACCESS-VDI_USERS-NONE-NONE-NONE-NONE-NONE <"IW_adv",3.0,-,"-",-,-,-,-,"-",-,-,-,"-",-,-,"-","-",-,-,"IW_adv",-,"-","Advertisements","-","Unknown","Unknown","-","-",0.00,0,-,"-","-",-,"-",-,-,"-","-",-,-,"-",-,-> - 2
10.16.1.241 <38>Jan 23 16:08:34 WEBIRONPORT.HASTINAPUR.RES TO-SYSLOG-SERVER: Info: 1706044106.928 0 10.16.7.208 TCP_DENIED/403 0 CONNECT tunnel://static.ads-twitter.com:443/ - NONE/- - BLOCK_WEBCAT_12-INTERNET_ACCESS-VDI_USERS-NONE-NONE-NONE-NONE-NONE <"IW_adv",3.0,-,"-",-,-,-,-,"-",-,-,-,"-",-,-,"-","-",-,-,"IW_adv",-,"-","Advertisements","-","Unknown","Unknown","-","-",0.00,0,-,"-","-",-,"-",-,-,"-","-",-,-,"-",-,-> - 2
10.16.1.241 <38>Jan 23 16:08:37 WEBIRONPORT.HASTINAPUR.RES TO-SYSLOG-SERVER: Info: 1706044112.944 309098 10.16.7.217 TCP_MISS/200 7780 CONNECT tunnel://clientservices.googleapis.com:443/ - DIRECT/clientservices.googleapis.com - DEFAULT_CASE_12-INTERNET_ACCESS-VDI_USERS-NONE-NONE-NONE-DefaultGroup-NONE <"IW_srch",3.0,1,"-",0,0,0,1,"-",-,-,-,"-",1,-,"-","-",-,-,"IW_srch",-,"-","Search Engines and Portals","-","Unknown","Unknown","-","-",0.20,0,-,"Unknown","-",1,"-",-,-,"-","-",-,1,"-",-,-> - 2
10.16.1.241 <38>Jan 23 16:08:37 WEBIRONPORT.HASTINAPUR.RES TO-SYSLOG-SERVER: Info: 1706044113.217 0 10.16.7.207 TCP_DENIED/403 0 CONNECT tunnel://pubads.g.doubleclick.net:443/ - NONE/- - BLOCK_WEBCAT_12-INTERNET_ACCESS-VDI_USERS-NONE-NONE-NONE-NONE-NONE <"IW_adv",5.5,-,"-",-,-,-,-,"-",-,-,-,"-",-,-,"-","-",-,-,"IW_adv",-,"-","Advertisements","-","Unknown","Unknown","-","-",0.00,0,-,"-","-",-,"-",-,-,"-","-",-,-,"-",-,-> - 2
10.16.1.241 <38>Jan 23 16:08:42 WEBIRONPORT.HASTINAPUR.RES TO-SYSLOG-SERVER: Info: 1706044118.621 0 10.16.7.207 TCP_DENIED/403 0 CONNECT tunnel://pubads.g.doubleclick.net:443/ - NONE/- - BLOCK_WEBCAT_12-INTERNET_ACCESS-VDI_USERS-NONE-NONE-NONE-NONE-NONE <"IW_adv",5.5,-,"-",-,-,-,-,"-",-,-,-,"-",-,-,"-","-",-,-,"IW_adv",-,"-","Advertisements","-","Unknown","Unknown","-","-",0.00,0,-,"-","-",-,"-",-,-,"-","-",-,-,"-",-,-> - 2
10.16.1.241 <38>Jan 23 16:08:42 WEBIRONPORT.HASTINAPUR.RES TO-SYSLOG-SERVER: Info: 1706044118.719 0 10.16.7.207 TCP_DENIED/403 0 CONNECT tunnel://pagead2.googlesyndication.com:443/ - NONE/- - BLOCK_WEBCAT_12-INTERNET_ACCESS-VDI_USERS-NONE-NONE-NONE-NONE-NONE <"IW_adv",3.0,-,"-",-,-,-,-,"-",-,-,-,"-",-,-,"-","-",-,-,"IW_adv",-,"-","Advertisements","-","Unknown","Unknown","-","-",0.00,0,-,"-","-",-,"-",-,-,"-","-",-,-,"-",-,-> - 2
10.16.1.241 <38>Jan 23 16:08:47 WEBIRONPORT.HASTINAPUR.RES TO-SYSLOG-SERVER: Info: 1706044122.840 0 10.16.7.207 TCP_DENIED/403 0 CONNECT tunnel://pubads.g.doubleclick.net:443/ - NONE/- - BLOCK_WEBCAT_12-INTERNET_ACCESS-VDI_USERS-NONE-NONE-NONE-NONE-NONE <"IW_adv",5.5,-,"-",-,-,-,-,"-",-,-,-,"-",-,-,"-","-",-,-,"IW_adv",-,"-","Advertisements","-","Unknown","Unknown","-","-",0.00,0,-,"-","-",-,"-",-,-,"-","-",-,-,"-",-,-> - 1
10.16.1.241 <38>Jan 23 16:08:55 WEBIRONPORT.HASTINAPUR.RES TO-SYSLOG-SERVER: Info: 1706044129.151 0 10.16.7.208 TCP_DENIED/403 0 CONNECT tunnel://www.googleadservices.com:443/ - NONE/- - BLOCK_WEBCAT_12-INTERNET_ACCESS-VDI_USERS-NONE-NONE-NONE-NONE-NONE <"IW_adv",5.7,-,"-",-,-,-,-,"-",-,-,-,"-",-,-,"-","-",-,-,"IW_adv",-,"-","Advertisements","-","Unknown","Unknown","-","-",0.00,0,-,"-","-",-,"-",-,-,"-","-",-,-,"-",-,-> - 2
10.16.1.241 <38>Jan 23 16:08:55 WEBIRONPORT.HASTINAPUR.RES TO-SYSLOG-SERVER: Info: 1706044129.314 37 10.16.7.208 TCP_MISS/200 39 CONNECT tunnel://api.ibeat-analytics.com:443/ - DIRECT/api.ibeat-analytics.com - DEFAULT_CASE_12-INTERNET_ACCESS-VDI_USERS-NONE-NONE-NONE-DefaultGroup-NONE <"IW_busi",3.0,0,"-",0,0,0,-,"-",-,-,-,"-",-,-,"-","-",-,-,"IW_busi",-,"-","Business and Industry","-","Unknown","Unknown","-","-",8.43,0,-,"Unknown","-",-,"-",-,-,"-","-",-,-,"-",-,-> - 2
10.16.1.241 <38>Jan 23 16:08:57 WEBIRONPORT.HASTINAPUR.RES TO-SYSLOG-SERVER: Info: 1706044129.381 0 10.16.7.208 TCP_DENIED/403 0 CONNECT tunnel://securepubads.g.doubleclick.net:443/ - NONE/- - BLOCK_WEBCAT_12-INTERNET_ACCESS-VDI_USERS-NONE-NONE-NONE-NONE-NONE <"IW_adv",5.5,-,"-",-,-,-,-,"-",-,-,-,"-",-,-,"-","-",-,-,"IW_adv",-,"-","Advertisements","-","Unknown","Unknown","-","-",0.00,0,-,"-","-",-,"-",-,-,"-","-",-,-,"-",-,-> - 1
10.16.1.241 <38>Jan 23 16:08:57 WEBIRONPORT.HASTINAPUR.RES TO-SYSLOG-SERVER: Info: 1706044129.392 0 10.16.7.211 TCP_DENIED/403 0 CONNECT tunnel://pagead2.googlesyndication.com:443/ - NONE/- - BLOCK_WEBCAT_12-INTERNET_ACCESS-VDI_USERS-NONE-NONE-NONE-NONE-NONE <"IW_adv",3.0,-,"-",-,-,-,-,"-",-,-,-,"-",-,-,"-","-",-,-,"IW_adv",-,"-","Advertisements","-","Unknown","Unknown","-","-",0.00,0,-,"-","-",-,"-",-,-,"-","-",-,-,"-",-,-> - 1
10.16.1.241 <38>Jan 23 16:08:57 WEBIRONPORT.HASTINAPUR.RES TO-SYSLOG-SERVER: Info: 1706044129.502 120171 10.16.7.217 TCP_MISS/200 9061 CONNECT tunnel://static.incometax.gov.in:443/ - DIRECT/static.incometax.gov.in - DEFAULT_CASE_12-INTERNET_ACCESS-VDI_USERS-NONE-NONE-NONE-DefaultGroup-NONE <"IW_gov",3.0,1,"-",0,0,0,1,"-",-,-,-,"-",1,-,"-","-",-,-,"IW_gov",-,"-","Government and Law","-","Unknown","Unknown","-","-",0.60,0,-,"Unknown","-",1,"-",-,-,"-","-",-,1,"-",-,-> - 1
10.16.1.241 <38>Jan 23 16:09:02 WEBIRONPORT.HASTINAPUR.RES TO-SYSLOG-SERVER: Info: 1706044139.230 0 10.16.7.211 TCP_DENIED/403 0 CONNECT tunnel://pubads.g.doubleclick.net:443/ - NONE/- - BLOCK_WEBCAT_12-INTERNET_ACCESS-VDI_USERS-NONE-NONE-NONE-NONE-NONE <"IW_adv",5.5,-,"-",-,-,-,-,"-",-,-,-,"-",-,-,"-","-",-,-,"IW_adv",-,"-","Advertisements","-","Unknown","Unknown","-","-",0.00,0,-,"-","-",-,"-",-,-,"-","-",-,-,"-",-,-> - 2
10.16.1.241 <38>Jan 23 16:09:02 WEBIRONPORT.HASTINAPUR.RES TO-SYSLOG-SERVER: Info: 1706044139.518 0 10.16.7.208 TCP_DENIED/403 0 CONNECT tunnel://static.clmbtech.com:443/ - NONE/- - BLOCK_WEBCAT_12-INTERNET_ACCESS-VDI_USERS-NONE-NONE-NONE-NONE-NONE <"IW_adv",3.0,-,"-",-,-,-,-,"-",-,-,-,"-",-,-,"-","-",-,-,"IW_adv",-,"-","Advertisements","-","Unknown","Unknown","-","-",0.00,0,-,"-","-",-,"-",-,-,"-","-",-,-,"-",-,-> - 2
10.16.1.241 <38>Jan 23 16:09:09 WEBIRONPORT.HASTINAPUR.RES TO-SYSLOG-SERVER: Info: 1706044141.514 185 10.16.29.53 TCP_MISS/200 39 CONNECT tunnel://dc1.ksn.kaspersky-labs.com:443/ - DIRECT/dc1.ksn.kaspersky-labs.com - OTHER-NONE-RCI_USERS-NONE-NONE-NONE-DefaultGroup-NONE <"IW_comp",8.7,0,"-",0,0,0,-,"-",-,-,-,"-",-,-,"-","-",-,-,"IW_comp",-,"-","Computers and Internet","-","Unknown","Unknown","-","-",1.69,0,-,"Unknown","-",-,"-",-,-,"-","-",-,-,"-",-,-> - 2
10.16.1.241 <38>Jan 23 16:09:09 WEBIRONPORT.HASTINAPUR.RES TO-SYSLOG-SERVER: Info: 1706044141.881 17617 10.16.7.208 TCP_MISS/200 596 CONNECT tunnel://slike-i.akamaized.net:443/ - DIRECT/slike-i.akamaized.net - DEFAULT_CASE_12-INTERNET_ACCESS-VDI_USERS-NONE-NONE-NONE-DefaultGroup-NONE <"IW_infr",2.5,1,"-",0,0,0,1,"-",-,-,-,"-",1,-,"-","-",-,-,"IW_infr",-,"-","Infrastructure and Content Delivery Networks","-","Unknown","Unknown","-","-",0.27,0,-,"Unknown","-",1,"-",-,-,"-","-",-,1,"-",-,-> - 2
10.16.1.241 <38>Jan 23 16:09:13 WEBIRONPORT.HASTINAPUR.RES TO-SYSLOG-SERVER: Info: 1706044143.004 4505 10.16.7.217 TCP_MISS/200 98716 CONNECT tunnel://cdn.optimizely.com:443/ - DIRECT/cdn.optimizely.com - DEFAULT_CASE_12-INTERNET_ACCESS-VDI_USERS-NONE-NONE-NONE-DefaultGroup-NONE <"IW_comp",5.7,1,"-",0,0,0,1,"-",-,-,-,"-",1,-,"-","-",-,-,"IW_comp",-,"-","Computers and Internet","-","Unknown","Unknown","-","-",175.30,0,-,"Unknown","-",1,"-",-,-,"-","-",-,1,"-",-,-> - 0
10.16.1.241 <38>Jan 23 16:09:13 WEBIRONPORT.HASTINAPUR.RES TO-SYSLOG-SERVER: Info: 1706044143.792 251144 10.16.7.208 TCP_MISS/200 6975 CONNECT tunnel://etsub3.indiatimes.com:443/ - DIRECT/etsub3.indiatimes.com - DEFAULT_CASE_12-INTERNET_ACCESS-VDI_USERS-NONE-NONE-NONE-DefaultGroup-NONE <"IW_news",6.1,1,"-",0,0,0,1,"-",-,-,-,"-",1,-,"-","-",-,-,"IW_news",-,"-","News","-","Unknown","Unknown","-","-",0.22,0,-,"Unknown","-",1,"-",-,-,"-","-",-,1,"-",-,-> - 0
